-- phpMyAdmin SQL Dump
-- version 4.0.4.1
-- http://www.phpmyadmin.net
--
-- 主机: 127.0.0.1
-- 生成日期: 2014 年 04 月 27 日 15:15
-- 服务器版本: 5.5.32
-- PHP 版本: 5.4.19

SET SQL_MODE = "NO_AUTO_VALUE_ON_ZERO";
SET time_zone = "+00:00";


/*!40101 SET @OLD_CHARACTER_SET_CLIENT=@@CHARACTER_SET_CLIENT */;
/*!40101 SET @OLD_CHARACTER_SET_RESULTS=@@CHARACTER_SET_RESULTS */;
/*!40101 SET @OLD_COLLATION_CONNECTION=@@COLLATION_CONNECTION */;
/*!40101 SET NAMES utf8 */;

--
-- 数据库: `testdrive`
--
CREATE DATABASE IF NOT EXISTS `testdrive` DEFAULT CHARACTER SET utf8 COLLATE utf8_bin;
USE `testdrive`;

-- --------------------------------------------------------

--
-- 表的结构 `auth_assignment`
--

CREATE TABLE IF NOT EXISTS `auth_assignment` (
  `itemname` varchar(64) COLLATE utf8_bin NOT NULL,
  `userid` varchar(64) COLLATE utf8_bin NOT NULL,
  `bizrule` text COLLATE utf8_bin,
  `data` text COLLATE utf8_bin,
  PRIMARY KEY (`itemname`,`userid`)
) ENGINE=InnoDB DEFAULT CHARSET=utf8 COLLATE=utf8_bin;

--
-- 转存表中的数据 `auth_assignment`
--

INSERT INTO `auth_assignment` (`itemname`, `userid`, `bizrule`, `data`) VALUES
('Administrator', '48', '', 's:0:"";'),
('Authority', '48', '', 's:0:"";'),
('User', '48', '', 's:0:"";');

-- --------------------------------------------------------

--
-- 表的结构 `auth_item`
--

CREATE TABLE IF NOT EXISTS `auth_item` (
  `name` varchar(64) COLLATE utf8_bin NOT NULL,
  `type` int(11) NOT NULL,
  `description` text COLLATE utf8_bin,
  `bizrule` text COLLATE utf8_bin,
  `data` text COLLATE utf8_bin,
  PRIMARY KEY (`name`)
) ENGINE=InnoDB DEFAULT CHARSET=utf8 COLLATE=utf8_bin;

--
-- 转存表中的数据 `auth_item`
--

INSERT INTO `auth_item` (`name`, `type`, `description`, `bizrule`, `data`) VALUES
('Administrator', 2, NULL, NULL, NULL),
('Authority', 2, NULL, NULL, NULL),
('PaperMaintain', 0, 'maintain the paper the user maintaints', 'return Yii::app()->user->id==$params["paper"]->maintainer_id;', 's:0:"";'),
('User', 2, NULL, NULL, NULL);

-- --------------------------------------------------------

--
-- 表的结构 `auth_item_child`
--

CREATE TABLE IF NOT EXISTS `auth_item_child` (
  `parent` varchar(64) COLLATE utf8_bin NOT NULL,
  `child` varchar(64) COLLATE utf8_bin NOT NULL,
  PRIMARY KEY (`parent`,`child`),
  KEY `child` (`child`)
) ENGINE=InnoDB DEFAULT CHARSET=utf8 COLLATE=utf8_bin;

-- --------------------------------------------------------

--
-- 表的结构 `tbl_migration`
--

CREATE TABLE IF NOT EXISTS `tbl_migration` (
  `version` varchar(180) COLLATE utf8_bin NOT NULL,
  `apply_time` int(11) DEFAULT NULL,
  PRIMARY KEY (`version`)
) ENGINE=InnoDB DEFAULT CHARSET=utf8 COLLATE=utf8_bin;

--
-- 转存表中的数据 `tbl_migration`
--

INSERT INTO `tbl_migration` (`version`, `apply_time`) VALUES
('m000000_000000_base', 1389765686);

-- --------------------------------------------------------

--
-- 表的结构 `tbl_paper`
--

CREATE TABLE IF NOT EXISTS `tbl_paper` (
  `id` int(11) NOT NULL AUTO_INCREMENT,
  `info` mediumtext COLLATE utf8_bin NOT NULL,
  `status` tinyint(4) DEFAULT NULL,
  `pass_date` date DEFAULT NULL,
  `pub_date` date DEFAULT NULL,
  `index_date` date DEFAULT NULL,
  `sci_number` varchar(255) COLLATE utf8_bin DEFAULT NULL,
  `ei_number` varchar(255) COLLATE utf8_bin DEFAULT NULL,
  `istp_number` varchar(255) COLLATE utf8_bin DEFAULT NULL,
  `is_first_grade` tinyint(1) DEFAULT NULL,
  `is_core` tinyint(1) DEFAULT NULL,
  `other_pub` varchar(255) COLLATE utf8_bin DEFAULT NULL,
  `is_journal` tinyint(1) DEFAULT NULL,
  `is_conference` tinyint(1) DEFAULT NULL,
  `is_intl` tinyint(1) DEFAULT NULL,
  `is_domestic` tinyint(1) DEFAULT NULL,
  `file_name` varchar(255) COLLATE utf8_bin DEFAULT NULL,
  `file_type` varchar(255) COLLATE utf8_bin NOT NULL,
  `file_size` int(11) NOT NULL,
  `file_content` mediumblob NOT NULL,
  `is_high_level` tinyint(1) DEFAULT NULL,
  `maintainer_id` int(11) DEFAULT NULL,
  PRIMARY KEY (`id`),
  KEY `tbl_paper_ibfk_1` (`maintainer_id`)
) ENGINE=InnoDB  DEFAULT CHARSET=utf8 COLLATE=utf8_bin AUTO_INCREMENT=2435 ;

--
-- 转存表中的数据 `tbl_paper`
--

INSERT INTO `tbl_paper` (`id`, `info`, `status`, `pass_date`, `pub_date`, `index_date`, `sci_number`, `ei_number`, `istp_number`, `is_first_grade`, `is_core`, `other_pub`, `is_journal`, `is_conference`, `is_intl`, `is_domestic`, `file_name`, `file_type`, `file_size`, `file_content`, `is_high_level`, `maintainer_id`) VALUES
(2315, '黄晓燕，毛玉明，吴凡，冷甦鹏.，“基于效用函数的OFDM混合业务资源调度算法”. 计算机应用研究,  vol.26, no.5, pp.1860-1864, 2009.', 2, NULL, NULL, '2009-05-01', NULL, NULL, NULL, 0, 0, '0', 1, NULL, 0, 1, '基于效用函数的OFDM混合业务无线网络的资源调度算法.pdf', '', 0, '', 1, NULL),
(2316, 'Xiaoyan Huang, Yuming Mao, Fan Wu, "Low Complexity Utility-based Scheduling Algorithm for Heterogeneous Services in OFDM Wireless Networks," In: Proc. of ICCCAS 2009, San Jose, USA, vol 1, pp.48-52.', 2, NULL, NULL, '2009-07-01', NULL, '20095312593809', NULL, 0, 1, '0', 0, NULL, 1, 0, 'Low Complexity Utility-based Scheduling Algorithm for Heterogeneous Services in OFDM Wireless Networks.pdf', '', 0, '', 1, NULL),
(2317, '黄晓燕，毛玉明，吴凡, "基于合作中继的OFDM蜂窝网络的QoS感知子载波分配算法," 计算机应用研究, vol 27, no.8, pp.3086-3089, 2010.', 2, NULL, NULL, '2010-08-01', NULL, NULL, NULL, 0, 0, '0', 1, NULL, 0, 1, '基于合作中继的OFDM蜂窝网络的QoS感知子载波分配算法.pdf', '', 0, '', 1, NULL),
(2318, '黄晓燕，毛玉明，吴凡, "基于合作中继的OFDM蜂窝网络的QoS感知资源调度算法," 电子与信息学报, vol.32, no.12, pp.2948-2953, 2010.', 2, NULL, NULL, '2010-12-01', NULL, '20110213568798', NULL, 0, 0, '0', 1, NULL, 0, 1, '基于合作中继的OFDM 蜂窝网络的QoS 感知资源调度算法.pdf', '', 0, '', 0, NULL),
(2319, 'Xiaoyan Huang, Yuming Mao, Fan Wu, Supeng Leng, "Resource Allocation for QoS-Aware OFDMA Cellular Networks with Cooperative Relaying," WSEAS TRANSACTIONS on COMMUNICATIONS, Issue 1, Volume 10, January 2011.', 2, NULL, NULL, '2011-01-01', NULL, '20111713930271', NULL, 0, 0, '0', 1, NULL, 1, 0, 'Resource Allocation for QoS-Aware OFDMA Cellular Networks with Cooperative Relaying.pdf', '', 0, '', 0, NULL),
(2320, '黄晓燕，毛玉明，吴凡，冷甦鹏, "中继增强的无线蜂窝多小区系统的联合调度与功率分配算法," 电子与信息学报 (录用待刊) ', 2, NULL, NULL, '2012-01-01', NULL, '是', NULL, 0, 0, '0', 1, NULL, 0, 1, '中继增强的无线蜂窝多小区系统的联合调度与功率分配算法.pdf', '', 0, '', 0, NULL),
(2321, '方飞，毛玉明，冷甦鹏，毛建兵, "自适应p坚持时隙ALOHA近似算法性能分析," 计算机应用，pp.897-900, 2011年4期.', 2, NULL, NULL, '2011-04-01', NULL, NULL, NULL, 0, 0, '0', 1, NULL, 0, 1, '自适应p坚持时隙ALOHA近似算法性能分析.pdf', '', 0, '', 0, NULL),
(2322, 'Fei Fang,Yuming Mao,Supeng Leng,"Performance of approximate algorithm for p-persistent slotted ALOHA," In Proc.of ICCP,pp.357-360,2011.', 2, NULL, NULL, '2011-01-01', NULL, '20115214632703', NULL, 0, 1, '0', 0, NULL, 1, 0, 'Performance of approximate algorithm for p-persistent slotted ALOHA.pdf', '', 0, '', 0, NULL),
(2323, '方飞，毛玉明，冷甦鹏，毛建兵, "一种动态频谱共享通信系统接入控制算法，"计算机应用研究, Vol 27, No 11, pp.4205-4208, 2010年11月.', 2, NULL, NULL, '2010-11-01', NULL, NULL, NULL, 0, 0, '0', 1, NULL, 0, 1, '一种动态频谱共享通信系统接入控制算法.pdf', '', 0, '', 0, NULL),
(2324, 'Jianbing Mao,Yuming Mao,Supeng Leng,Xiang Bai,"A simple adaptive optimization scheme of IEEE 802.11 with differentiated channel access,"IEEE Communications Letters,vol.13,no.5,pp.297-299,2009.', 2, NULL, NULL, '2009-05-01', 'WOS:000266040800004', '20092712157259', NULL, 0, 0, '0', 1, NULL, 1, 0, 'A simple adaptive optimization scheme of IEEE 802.11 with differentiated channel access.pdf', '', 0, '', 0, NULL),
(2325, '毛建兵，毛玉明，冷甦鹏, "节点传输半径对无线自组织网络容量的影响分析," 计算机应用研究，pp.2491-2494, 2008年8期.', 2, NULL, NULL, '2008-08-01', NULL, NULL, NULL, 0, 0, '0', 1, NULL, 0, 1, '节点传输半径对无线自组织网络容量的影响分析.pdf', '', 0, '', 0, NULL),
(2326, '毛建兵，毛玉明，冷甦鹏，白翔，"动态频谱接入无线传输性能分析，"计算机应用研究，pp. 618-622. 2010年2期.', 2, NULL, NULL, '2010-02-01', NULL, NULL, NULL, 0, 0, '0', 1, NULL, 0, 1, '动态频谱接入无线传输性能分析.pdf', '', 0, '', 0, NULL),
(2327, '毛建兵, 毛玉明, 冷甦鹏, 白翔, "一种利用信道侦听的IEEE 802.11自适应优化算法," 软件学报，pp. 1968-1981. 2010年8期.', 2, NULL, NULL, '2010-08-01', NULL, '20103513195446', NULL, 0, 0, '0', 0, NULL, 0, 0, '一种利用信道侦听的IEEE 802.11自适应优化算法.pdf', '', 0, '', 0, NULL),
(2328, '毛建兵, 毛玉明, 冷甦鹏, 白翔, "支持QoS的IEEE 802．11 EDCA性能研究," 软件学报，Vol 21, No 4, pp. 750-770. 2010年4期.', 2, NULL, NULL, '2010-04-01', NULL, '20102012933105', NULL, 0, 0, '0', 0, NULL, 0, 0, '支持QoS的IEEE 802．11 EDCA性能研究.pdf', '', 0, '', 0, NULL),
(2329, '毛建兵，毛玉明，冷甦鹏，白翔，"基于802．11的多信道MAC协议性能分析，"计算机研究与发展，pp. 1651-1659. 2009年10期.', 2, NULL, NULL, '2009-01-01', NULL, '20094912531248', NULL, 0, 0, '0', 1, NULL, 0, 1, '基于802．11的多信道MAC协议性能分析.pdf', '', 0, '', 0, NULL),
(2330, '毛建兵，毛玉明，冷甦鹏，"一种提高IEEE 802.11 吞吐量和公平性的自适应优化算法,"电子与信息学报，vol.31,no.11,pp.2731-2737,2009.', 2, NULL, NULL, '1949-10-01', NULL, '20095112567098', NULL, 0, 0, '0', 1, NULL, 0, 1, '一种提高IEEE 802.11 吞吐量和公平性的自适应优化算法.pdf', '', 0, '', 0, NULL),
(2331, '毛建兵，毛玉明，冷甦鹏，白翔，"支持多速率自适应的IEEE 802.11网络性能分析，"计算机应用，pp.2638-2643. 2009年10期.', 2, NULL, NULL, '2009-01-01', NULL, NULL, NULL, 0, 0, '0', 1, NULL, 0, 1, '支持多速率自适应的IEEE 802.11网络性能分析.pdf', '', 0, '', 0, NULL),
(2332, '毛建兵，毛玉明，冷甦鹏，"IEEE 802．11 EDCA带宽分配控制的竞争窗口优化，"计算机应用，pp.1-4、8. 2009年1期.', 2, NULL, NULL, '2009-01-01', NULL, NULL, NULL, 0, 0, '0', 1, NULL, 0, 1, 'IEEE 802．11 EDCA带宽分配控制的竞争窗口优化.pdf', '', 0, '', 0, NULL),
(2333, '毛建兵, 毛玉明, 冷甦鹏, 白翔, "IEEE802.11支持QoS区分服务的性能优化," 软件学报, Vol.21, No.11, pp. 2866-2882. 2010年11期.', 2, NULL, NULL, '2010-11-01', NULL, '20105213523756', NULL, 0, 0, '0', 0, NULL, 0, 0, 'IEEE802.11支持QoS区分服务的性能优化.pdf', '', 0, '', 0, NULL),
(2334, '毛建兵，毛玉明，冷甦鹏，"基于IEEE 802.11e的多跳无线网络拥塞控制协议，"计算机应用，pp.345-349, 2008年2期.', 2, NULL, NULL, '2008-02-01', NULL, NULL, NULL, 0, 0, '0', 1, NULL, 0, 1, '基于IEEE 802.11e的多跳无线网络拥塞控制协议.pdf', '', 0, '', 0, NULL),
(2335, 'Jianbing Mao, Yuming Mao, Supeng Leng, Xiang Bai,"An adaptive MAC scheme to achieve throughput optimization and airtime fairness for IEEE 802.11 multirate networks," In Proc.of WNIS,pp.79-101,2009.', 2, NULL, NULL, '1949-10-01', NULL, '20101612856862', NULL, 0, 1, '0', 0, NULL, 1, 0, 'An adaptive MAC scheme to achieve throughput optimization and airtime fairness for IEEE 802.11 multirate networks.pdf', '', 0, '', 0, NULL),
(2336, 'Jianbing Mao, Yuming Mao, Supeng Leng,"An adaptive transmission control MAC scheme for DCF to improve throughput and short-term fairness," In Proc. Of IITA,pp.781-785,2008.', 2, NULL, NULL, '1949-10-01', NULL, '20091411997048', NULL, 0, 1, '0', 0, NULL, 1, 0, 'An adaptive transmission control MAC scheme for DCF to improve throughput and short-term fairness.pdf', '', 0, '', 0, NULL),
(2337, 'Jianbing Mao, Yuming Mao, Supeng Leng, Xiang Bai,"Analysis of voice capacity in IEEE 802.11 wireless LANs with/without data traffic,"In Proc.of ICCCAS,pp.524-528,2008.', 2, NULL, NULL, '1949-10-01', NULL, '20090211852587', NULL, 0, 1, '0', 0, NULL, 1, 0, 'Analysis of voice capacity in IEEE 802.11 wireless LANs with/without data traffic.pdf', '', 0, '', 0, NULL),
(2338, '白翔，毛玉明，冷甦鹏，毛建兵，谢军，"QoS区分的自适应p-Persistent MAC算法对信道利用率的动态优化，"软件学报，pp.608-619, 2009年3期.', 2, NULL, NULL, '2009-03-01', NULL, '20091512029430', NULL, 0, 0, '0', 0, NULL, 0, 0, 'QoS区分的自适应p-Persistent MAC算法对信道利用率的动态优化.pdf', '', 0, '', 0, NULL),
(2339, '白翔，毛玉明，冷甦鹏，毛建兵，谢军，"AIFS区分的IEEE 802.11e EDCA信道吞吐率分析模型与自适应MAC算法," 软件学报，pp.779-794, 2009年4期.', 2, NULL, NULL, '2009-04-01', NULL, '20091812067896', NULL, 0, 0, '0', 0, NULL, 0, 0, 'AIFS区分的IEEE 802.11e EDCA信道吞吐率分析模型与自适应MAC算法.pdf', '', 0, '', 0, NULL),
(2340, 'Xiang Bai, Yuming Mao,"A simple adaptive p-persistent MAC scheme for service differentiation and maximum channel utilization,"  WSEAS TRANSACTIONS on COMMUNICATIONS, Issue 1, Volume 7, January 2008.', 2, NULL, NULL, '2008-01-01', NULL, '20082011257306', NULL, 0, 0, '0', 1, NULL, 1, 0, 'A simple adaptive p-persistent MAC scheme for service differentiation and maximum channel utilization.pdf', '', 0, '', 0, NULL),
(2341, '白翔，毛玉明，“一种支持多优先级的无线自组织网接纳控制方案,"电子科技大学报，vol.37,no.4,pp.530-533,2008.', 2, NULL, NULL, '2008-07-01', NULL, '20083511494564', NULL, 0, 0, '0', 1, NULL, 0, 1, '一种支持多优先级的无线自组织网接纳控制方案.pdf', '', 0, '', 0, NULL),
(2342, 'Xiang Bai, Yuming Mao,"Balanced incomplete block designs based scheduling scheme for multi-hop ad hoc networks," In Proc.of ICCCAS,pp.388-393,2008.', 2, NULL, NULL, '2008-01-01', NULL, '20090211852560', NULL, 0, 1, '0', 0, NULL, 1, 0, 'Balanced incomplete block designs based scheduling scheme for multi-hop ad hoc networks.pdf', '', 0, '', 0, NULL),
(2343, 'Xiang Bai, Yuming Mao,"The impact of hidden nodes on MAC layer performance of multi-hop wireless networks using IEEE802.11e protocol," In Proc.of WiCOM,pp.1479-1483,2007.', 2, NULL, NULL, '2007-01-01', NULL, '20080311027526', NULL, 0, 1, '0', 0, NULL, 1, 0, 'The impact of hidden nodes on MAC layer performance of multi-hop wireless networks using IEEE802.11e protocol.pdf', '', 0, '', 0, NULL),
(2344, 'Xiang Bai, Yuming Mao,Jun Xie,"Performance investigation of IEEE802.11e EDCA under non-saturation condition based on the M/G/1/K model," In Proc.of ICIEA, pp.298-304,2007.', 2, NULL, NULL, '2007-01-01', NULL, '20074210874317', NULL, 0, 1, '0', 0, NULL, 1, 0, 'Performance investigation of IEEE802.11e EDCA under non-saturation condition based on the M/G/1/K model.pdf', '', 0, '', 0, NULL),
(2345, '白翔，毛玉明，"基于M/G/1/K排队模型的IEEE 802.11e EDCA性能研究," 电子与信息学报, vol.30, no.7, pp.1610-1614,2008. ', 2, NULL, NULL, '2008-07-01', NULL, '20083211444726', NULL, 0, 0, '0', 1, NULL, 0, 1, '基于M/G/1/K排队模型的IEEE 802.11e EDCA性能研究.pdf', '', 0, '', 0, NULL),
(2346, '包静，毛玉明，冷甦鹏，"RTS/CTS对802.11e在多跳无线网络中的影响," 微计算机信息，pp.107-109，2009年18期.', 2, NULL, NULL, '2009-01-01', NULL, NULL, NULL, 0, 0, '0', 1, NULL, 0, 1, 'RTS/CTS对802.11e在多跳无线网络中的影响.pdf', '', 0, '', 0, NULL),
(2347, 'Qin YU, WANG Wei-dong, QIN Zhi-guang, MAO Yu-ming. “Optimal Search Flooding Protocol for Wireless Sensor Networks.” Journal of Application Research of Computers, 2010, 37(2): 56-60. Feb，2010.', 2, NULL, NULL, '2010-02-01', NULL, NULL, NULL, 0, 0, '0', 1, NULL, 0, 1, 'Optimal Search Flooding Protocol for Wireless Sensor Networks.pdf', '', 0, '', 0, NULL),
(2348, 'Qin Yu, Zhiguang Qin, Juebang Yu, Yuming Mao. “Transmission Characteristics Study of Memristors Based Op-Amp Circuits.” International Conference on Communication and Circuits and Systems (ICCCAS’09), 2009, Vol. 2: 974-977. May，2009', 2, NULL, NULL, '2009-05-01', NULL, '20095312593615', NULL, 0, 1, '0', 0, NULL, 1, 0, 'Transmission Characteristics Study of Memristors Based Op-Amp Circuits.pdf', '', 0, '', 0, NULL),
(2349, 'Qin Yu, Weidong Wang, Zhiguang Qin, Yuming Mao, Juebang Yu.“ RSS-based Monte Carlo Nodes Localization in Wireless Ad Hoc Networks.”  International Conference on Communication and Circuits and Systems (ICCCAS’09), 2009, Vol. 1: 217-221. May，2009', 2, NULL, NULL, '2009-05-01', NULL, '20095312593802', NULL, 0, 1, '0', 0, NULL, 1, 0, 'RSS-based Monte Carlo Nodes Localization in Wireless Ad Hoc Networks.pdf', '', 0, '', 0, NULL),
(2350, '[4] Qin Yu, Zhiguang Qin, Yuming Mao, Juebang Yu.“ A Novel Gravity Law-Based Survivability Model for Ad Hoc Network.”  International Conference on Communication and Circuits and Systems (ICCCAS’09), 2009, Vol. 1: 213-216. May，2009', 2, NULL, NULL, '2009-05-01', NULL, '20095312593801', NULL, 0, 1, '0', 0, NULL, 1, 0, 'A Novel Gravity Law-Based Survivability Model for Ad Hoc Network.pdf', '', 0, '', 0, NULL),
(2351, 'Qin Yu, Yuming Mao, and Zhiguang Qin. “Analysis of Fractal Traffic Source Based on Sup-FRPP Model.” International Conference on Communication and Circuits and Systems (ICCCAS’08), 2008, Vol. 1: 246-249. Mar， 2008', 2, NULL, NULL, '2008-03-01', NULL, NULL, NULL, 0, 1, '0', 0, NULL, 1, 0, 'Analysis of Fractal Traffic Source Based on Sup-FRPP Model.pdf', '', 0, '', 0, NULL),
(2352, 'Qin Yu, Yuming Mao, and Zhiguang Qin. “Researches on IEEE 802.11 Access Mechanism.” International Conference on Communication and Circuits and Systems (ICCCAS’08), 2008, Vol. 1: 417-419. Mar，2008 ', 2, NULL, NULL, '2008-03-01', NULL, NULL, NULL, 0, 1, '0', 0, NULL, 1, 0, 'Researches on IEEE 802.11 Access Mechanism.pdf', '', 0, '', 0, NULL),
(2353, 'Qin Yu, Yuming Mao, and Lemin Li. “Self-similarity Parameter Estimation and Scaling Properties Analyses of Aggregated Wireless Traffic.” Journal of Computer Research and Development, 2007, 44(1): 58-64. Dec，2007 ', 2, NULL, NULL, '2007-01-01', NULL, '20071610557949', NULL, 0, 0, '0', 1, NULL, 0, 1, 'Self-similarity Parameter Estimation and Scaling Properties Analyses of Aggregated Wireless Traffic.pdf', '', 0, '', 0, NULL),
(2354, 'Qin Yu, Yuming Mao. “Research on the M/G/1 Model with PME-Distributed Source.” Journal of University of Electronic Science and Technology of China, 2007, Vol. 36(5): 1064-1067. Oct，2007 ', 2, NULL, NULL, '2007-01-01', NULL, NULL, NULL, 0, 0, '0', 1, NULL, 0, 1, 'Research on the M_G_1 Model with PME-Distributed Source.pdf', '', 0, '', 0, NULL),
(2355, 'Qin Yu, Yuming Mao. “Hurst Parameter Estimation and Characteristics Analysis of Wireless LAN Traffic.” Journal of University of Electronic Science and Technology of China, 2007, Vol. 36(5): 1074-1076. Oct，2007 ', 2, NULL, NULL, '2007-01-01', NULL, NULL, NULL, 0, 0, '0', 1, NULL, 0, 1, 'Hurst Parameter Estimation and Characteristics Analysis of Wireless LAN Traffic.pdf', '', 0, '', 0, NULL),
(2356, 'Qin Yu, Yuming Mao. “Aggregated Self-Similar Wireless Traffic Properties Analyses Based on Sup-FRPP Model.” International Conference on Communication and Circuits and Systems (ICCCAS’07), 2007, Vol. 1: 213-215. Jul，2007', 2, NULL, NULL, '2007-01-01', NULL, NULL, NULL, 0, 1, '0', 0, NULL, 1, 0, 'Aggregated Self-Similar Wireless Traffic Properties Analyses Based on Sup-FRPP Model.pdf', '', 0, '', 0, NULL),
(2357, 'Qin Yu, Yuming Mao, Fan Wu, and Yunkai Wei. “Self-Similar Wireless Traffic Modeling and Forecasting Through Fractionally Integrated ARMA Processes and RLS Algorithm.”7th World Wireless Congress, 2006, pages 1-7. May，2006', 2, NULL, NULL, '2006-01-01', NULL, '2006249936076', NULL, 0, 1, '0', 0, NULL, 1, 0, 'Self-Similar Wireless Traffic Modeling and Forecasting Through Fractionally Integrated ARMA Processes and RLS Algorithm.pdf', '', 0, '', 0, NULL),
(2358, 'Qin Yu, Yuming Mao, Yunkai Wei, and Fan Wu. “Wavelet-based Scaling Analyzing and Modeling of Wireless Traffic Using Non-Scale-Invariant Infinitely Divisible Cascade.” 7th World Wireless Congress, 2006, pages 1-7. May，2006 ', 2, NULL, NULL, '2006-01-01', NULL, '2006249936097', NULL, 0, 1, '0', 0, NULL, 1, 0, 'Wavelet-based Scaling Analyzing and Modeling of Wireless Traffic Using Non-Scale-Invariant Infinitely Divisible Cascade.pdf', '', 0, '', 0, NULL),
(2359, 'Qin Yu, Yuming Mao.“ Hurst Parameter Estimation and Aggregated Wireless Traffic Properties Analyses Based on Optimal Linear Regression Wavelet Model.” International Conference on Communication and Circuits and Systems (ICCCAS’06), 2006, Vol. 2: 1443-1447.Jun， 2006 ', 2, NULL, NULL, '2006-01-01', NULL, NULL, NULL, 0, 1, '0', 0, NULL, 1, 0, 'Hurst Parameter Estimation and Aggregated Wireless Traffic Properties Analyses Based on Optimal Linear Regression Wavelet Model.pdf', '', 0, '', 0, NULL),
(2360, 'Qin Yu, Yuming Mao. “A Novel Self-Configuring and Routing Algorithm for Mobile Ad Hoc Networks.”IEEE International Conference on Mechatronics and Automation, 2006, pages 203-207. Aug，2006', 2, NULL, NULL, '2006-01-01', NULL, NULL, NULL, 0, 1, '0', 0, NULL, 1, 0, 'A Novel Self-Configuring and Routing Algorithm for Mobile Ad Hoc Networks.pdf', '', 0, '', 0, NULL),
(2361, 'Qin Yu, Yuming Mao, Fan Wu, and Yunkai Wei. “An Optimal Linear Regression Wavelet Model with Application to Hurst Parameter Estimation.” China-Japan Joint Microwave conference (CJMW’06), 2006, pages 173-178. Aug， 2006', 2, NULL, NULL, '2006-01-01', NULL, NULL, NULL, 0, 1, '0', 0, NULL, 1, 0, 'An Optimal Linear Regression Wavelet Model with Application to Hurst Parameter Estimation.pdf', '', 0, '', 0, NULL),
(2362, 'Qin Yu, Yuming Mao. “Research on the Performance Analysis of M/G/1 Queue System of Service Time with PME Heavy-Tailed Distribution. ”Chinese Journal Computers, 2005, 28(12): 2103-2108.Dec， 2005', 2, NULL, NULL, '2005-01-01', NULL, '2006039650231', NULL, 0, 0, '0', 1, NULL, 0, 1, 'Research on the Performance Analysis of M_G_1 Queue System of Service Time with PME Heavy-Tailed Distribution.pdf', '', 0, '', 0, NULL),
(2363, 'Qin Yu, Yuming Mao, Taijun Wang, and Fan Wu. “Hurst Parameter Estimation and Characteristics Analysis of Aggregate Wireless LAN Traffic.” International Conference on Communication and Circuits and Systems (ICCCAS’05), 2005, Vol. 1: 339-345.May， 2005', 2, NULL, NULL, '2005-01-01', NULL, '20081011131933', NULL, 0, 1, '0', 0, NULL, 1, 0, 'Hurst Parameter Estimation and Characteristics Analysis of Aggregate Wireless LAN Traffic.pdf', '', 0, '', 0, NULL),
(2364, 'Qin Yu, Yuming Mao, Fan Wu, and Taijun Wang. “Self-Similar Traffic Aggregation and Modeling in Wireless Access Networks.” International Conference on Optic Internet (COIN''05), 2005, pages 591-596. May， 2005', 2, NULL, NULL, '2005-01-01', NULL, NULL, NULL, 0, 1, '0', 0, NULL, 1, 0, 'Self-Similar Traffic Aggregation and Modeling in Wireless Access Networks.pdf', '', 0, '', 0, NULL),
(2365, 'Qin Yu and Yuming Mao. “Performance Analysis of M/G/1 Queue System of Service Time with PME Heavy-Tailed Distribution.”In Proceedings of the 2004 International Conference on Information and Communication Technologies (ICT’04), pages 228-233.Sep， 2004', 2, NULL, NULL, '2004-01-01', NULL, NULL, NULL, 0, 1, '0', 0, NULL, 1, 0, 'Performance Analysis of M_G_1 Queue System of Service Time with PME Heavy-Tailed Distribution.pdf', '', 0, '', 0, NULL),
(2366, '韦云凯，毛玉明，吴凡,"无线自组织网络关键技术与进展," 中兴通讯技术,2007.8', 2, NULL, NULL, '2007-08-01', NULL, NULL, NULL, 0, 0, '0', 0, NULL, 0, 0, '无线自组织网络关键技术与进展.pdf', '', 0, '', 0, NULL),
(2367, '韦云凯，毛玉明，于秦,"基于中继技术的B3G/4G蜂窝网络成本优化模型," 计算机应用,2009.12', 2, NULL, NULL, '2009-12-01', NULL, NULL, NULL, 0, 0, '0', 0, NULL, 0, 0, '基于中继技术的B3G_4G蜂窝网络成本优化模型.pdf', '', 0, '', 0, NULL),
(2368, '韦云凯, 马立香, 雷维礼, 彭美娥, "<局域网与城域网>课程中的对比教学法实践与探讨," 实验科学与技术, Vol.9, No.5, 2011.10.', 2, NULL, NULL, '2011-01-01', NULL, NULL, NULL, 0, 0, '0', 0, NULL, 0, 0, NULL, '', 0, '', 0, NULL),
(2369, '韦云凯, 马立香, 雷维礼, 彭美娥, 毛玉明, 段景山,"<局域网与城域网>课程3L实验方法探讨与实践," 实验科学与技术, Vol.10, No.2, 2012.4.', 2, NULL, NULL, '2012-04-01', NULL, NULL, NULL, 0, 0, '0', 0, NULL, 0, 0, NULL, '', 0, '', 0, NULL),
(2370, 'Yunkai Wei, Yuming Mao, Qin Yu, "A Gravity-Law Inspired Survivability Enhancement Model for Wireless Sensor Networks," 2009 International Conference on Communications, Circuits and Systems Proceedings, vol 1, pp.206-209. San Jose, USA. July.2009', 2, NULL, NULL, '2009-07-01', NULL, '20095312593806', NULL, 0, 1, '0', 0, NULL, 1, 0, 'A Gravity-Law Inspired Survivability Enhancement Model for Wireless Sensor Networks.pdf', '', 0, '', 0, NULL),
(2371, 'Yunkai Wei, Yuming Mao, Qin Yu, Na Li, "A Structure of Large Scale WSN Based Safety Monitoring System for Natural Gas Industry," Advanced Materials Research, pp2482-2486, Vol 512-515, 2012.', 2, NULL, NULL, '2012-05-01', NULL, '20122315084920', NULL, 0, 0, '0', 1, NULL, 1, 0, NULL, '', 0, '', 0, NULL),
(2372, 'Yunkai Wei, Weiqiao Li, Yuming Mao, Supeng Leng and Qin Yu, "Fermat Point based Joint Routing in Dual-Aggregation-Points Inter-Backup M2M Communications," Advanced Materials Research, accepted.', 2, NULL, NULL, '2012-06-01', NULL, '是', NULL, 0, 0, '0', 1, NULL, 1, 0, NULL, '', 0, '', 0, NULL),
(2373, 'Weichang Li,Ke Zhang,Weili Lei,Ruyi Shen,"Dynamic cooperative spectrum sensing in cognitive radio networks",Computational Problem-Solving (ICCP),2011 International Conference on,Page(s):216 - 221,2011', 2, NULL, NULL, '2011-01-01', NULL, '20115214632685', NULL, 0, 1, '0', 0, NULL, 1, 0, 'Dynamic cooperative spectrum sensing in cognitive radio networks.pdf', '', 0, '', 0, NULL),
(2374, '柯敏,雷维礼,"基于IP网络的SLA参数探讨",通信与信息技术,pp.61-63,2010年第1期.', 2, NULL, NULL, '2010-01-01', NULL, NULL, NULL, 0, 0, '0', 1, NULL, 0, 1, '基于IP网络的SLA参数探讨.pdf', '', 0, '', 0, NULL),
(2375, '周立,雷维礼,"基于SLA的数据采集平台关键技术研究",通信与信息技术,pp.71-72,2009年第6期.', 2, NULL, NULL, '2009-01-01', NULL, NULL, NULL, 0, 0, '0', 1, NULL, 0, 1, '基于SLA的数据采集平台关键技术研究.pdf', '', 0, '', 0, NULL),
(2376, '周立,雷维礼,"基于SLA的数据采集平台关键技术研究",四川省通信学会2009年学术年会论文集,pp.190-192,2009.', 2, NULL, NULL, '2009-01-01', NULL, NULL, NULL, 0, 1, '0', 0, NULL, 0, 1, '基于SLA的数据采集平台关键技术研究1.pdf', '', 0, '', 0, NULL),
(2377, '周雯,雷维礼,"基于EDCA中竞争窗口的改进机制分析",四川省通信学会2009年学术年会论文集,pp.113-115,2009.', 2, NULL, NULL, '2009-01-01', NULL, NULL, NULL, 0, 1, '0', 0, NULL, 0, 1, 'IEEE802.11n MAC层帧聚合机制的研究.pdf', '', 0, '', 0, NULL),
(2378, '王璇,雷维礼,"IEEE802.11n MAC层帧聚合机制的研究",四川省通信学会2009年学术年会论文集,pp.106-109,2009.', 2, NULL, NULL, '2009-01-01', NULL, NULL, NULL, 0, 1, '0', 0, NULL, 0, 1, '基于EDCA中竞争窗口的改进机制分析.pdf', '', 0, '', 0, NULL),
(2379, 'Supeng Leng, Yan Zhang, Hsiao-Hwa Chen, Liren Zhang, Ke Liu,"A novel k-hop Compound Metric Based Clustering scheme for ad hoc wireless networks", IEEE Transactions on Wireless Communications, vol.8, No.1, pp.367-375, Jan 2009 ', 2, NULL, NULL, '2009-01-01', 'WOS:000262562900048', '20091011943391', NULL, 0, 0, '0', 1, NULL, 1, 0, 'A novel k-hop Compound Metric Based Clustering scheme for ad hoc wireless networks.pdf', '', 0, '', 0, NULL),
(2380, 'Supeng Leng, Yan Zhang, Hsiao-Hwa Cheny , Jie Xiang and Mohsen Guizani,"Power-Fixed and Power-Aware Mac Protocols for Multi-Hop Wireless Networks with a Large Interference Area,"IEEE Transactions on Vehicular Technology", Vol 58, No 6, pp. 2966–2976, July 2009 ', 2, NULL, NULL, '2009-07-01', 'WOS:000267946800028', '20092612152412', NULL, 0, 0, '0', 1, NULL, 1, 0, ' Power-Fixed and Power-Aware Mac Protocols for Multi-Hop Wireless Networks with a Large Interference Area.pdf', '', 0, '', 0, NULL),
(2381, 'Supeng Leng, Huirong Fu, Qing Wang and Yan Zhang,"Medium Access Control in Vehicular Ad Hoc Networks,"Wireless  Communications and Mobile Computing", Vol 11, No 7, pp. 796–812, July 2011', 2, NULL, NULL, '2011-07-01', 'WOS:000298483700003', '20113014169637', NULL, 0, 0, '0', 1, NULL, 1, 0, 'Medium Access Control in Vehicular Ad Hoc Networks.pdf', '', 0, '', 0, NULL),
(2382, 'Supeng Leng, Liren Zhang, Huirong Fu, Jianjun Yang,"Mobility Analysis of Mobile Hosts with Random Walking in Ad Hoc Networks", Computer Networks, Vol.51, No.10 , pp.2514-2528, July 2007 ', 2, NULL, NULL, '2007-07-01', 'WOS:000246992700005', '20071910588722', NULL, 0, 0, '0', 1, NULL, 1, 0, ' Mobility Analysis of Mobile Hosts with Random Walking in Ad Hoc Networks.pdf', '', 0, '', 0, NULL),
(2383, 'Supeng Leng, Liren Zhang, Huirong Fu, Jianjun Yang,"A novel location-service protocol based on k-hop clustering for mobile ad hoc networks", IEEE Transactions on Vehicular Technology, Vol 56, No 2, pp. 810-817, March 2007', 2, NULL, NULL, '2007-03-01', 'WOS:000245191000040', '20071610553552', NULL, 0, 0, '0', 1, NULL, 1, 0, 'A novel location-service protocol based on k-hop clustering for mobile ad hoc networks.pdf', '', 0, '', 0, NULL),
(2384, 'Qing Wang, Supeng Leng, Huirong Fu, and Yan Zhang,"An IEEE 802.11p-based Multichannel MAC Scheme with Channel Coordination for Vehicular Ad Hoc Networks", IEEE Transactions on Intelligent Transportation Systems, Vol 13, No.2, pp. 449-458, June 2012', 2, NULL, NULL, '2012-06-01', '是', '是', NULL, 0, 0, '0', 1, NULL, 1, 0, 'An IEEE 802.11p-based Multichannel MAC Scheme with Channel Coordination for Vehicular Ad Hoc Networks.pdf', '', 0, '', 0, NULL),
(2385, 'Qing Wang, Supeng Leng, Huirong Fu, and Yan Zhang, "A Novel Multi-channel MAC Scheme for Vehicular Ad Hoc Networks", Proceeding of the 1st International Conference on Wireless Access in Vehicular Environments (WAVE 2008), Dec 2008', 2, NULL, NULL, '2008-12-01', NULL, NULL, NULL, 0, 1, '0', 0, NULL, 1, 0, 'A Novel Multi-channel MAC Scheme for Vehicular Ad Hoc Networks.pdf', '', 0, '', 0, NULL),
(2386, 'Supeng Leng, Liren Zhang, Jiansheng Rao, Jianjun Yang,"A Novel K-hop Cluster-based Location Service Protocol for Mobile Ad Hoc Networks", The 6th International Conference on ITS Telecommunications (ITST 2006), June 2006 ', 2, NULL, NULL, '2006-06-01', NULL, '20082311298531', NULL, 0, 1, '0', 0, NULL, 1, 0, ' A Novel K-hop Cluster-based Location Service Protocol for Mobile Ad Hoc Networks.pdf', '', 0, '', 0, NULL),
(2387, 'Qing Wang, Supeng Leng, Huirong Fu, Yan Zhang, and Hesiri Weerasinghe,"An Enhanced Multi-channel MAC for the IEEE 1609.4 based Vehicular Ad Hoc Networks", in the Proc. of INFOCOM Workshops 2010, March 2010 ', 2, NULL, NULL, '2010-03-01', NULL, '20102613038000', NULL, 0, 1, '0', 0, NULL, 1, 0, ' An Enhanced Multi-channel MAC for the IEEE 1609.4 based Vehicular Ad Hoc Networks.pdf', '', 0, '', 0, NULL),
(2388, 'Yan Zhang, Hee Soong Boon, Lili Zhang, Supeng Leng,"Utility-based weighted prioritization in heterogeneous wireless networks", in Proc. of 4th IEEE International Conference on Circuits and Systems for Communications (ICCSC 2008), pp.668-672, May 2008', 2, NULL, NULL, '2008-05-01', NULL, '20083611523767', NULL, 0, 1, '0', 0, NULL, 1, 0, ' Utility-based weighted prioritization in heterogeneous wireless networks.pdf', '', 0, '', 0, NULL),
(2389, 'Ke Liu, Supeng Leng, Huirong Fu, Longjiang Li, "A Novel Dual Busy Tone Aided MAC Protocol for Multi-hop Wireless Networks", The 8th IEEE International Conference on Dependable, Autonomic and Secure Computing (DASC’09),pp.373 – 378, Dec 2009', 2, NULL, NULL, '2009-12-01', NULL, '20101512838028', NULL, 0, 1, '0', 0, NULL, 1, 0, 'A Novel Dual Busy Tone Aided MAC Protocol for Multi-hop Wireless Networks.pdf', '', 0, '', 0, NULL),
(2390, 'Jin Liu, Supeng Leng, Qing Wang,"A Fair and Efficient Power Control Game for Cognitive Radio Networks", 3rd International Conference on Computer and Electrical Engineering (ICCEE 2010), Vol 4, pp.571-575, Nov 2010', 2, NULL, NULL, '2010-11-01', NULL, NULL, NULL, 0, 1, '0', 0, NULL, 1, 0, 'A Fair and Efficient Power Control Game for Cognitive Radio Networks.pdf', '', 0, '', 0, NULL),
(2391, 'Hesiri Weerasinghe, Huirong Fu, Supeng Leng, Ye Zhu, "Enhancing unlinkability in Vehicular Ad Hoc Networks", 2011 IEEE International Conference on Intelligence and Security Informatics (ISI 2011), July 2011', 2, NULL, NULL, '2011-07-01', NULL, '20113814347632', NULL, 0, 1, '0', 0, NULL, 1, 0, 'Enhancing unlinkability in Vehicular Ad Hoc Networks.pdf', '', 0, '', 0, NULL),
(2392, 'Caixing Shao, Supeng Leng, Yuming Mao,"Reliable and Efficient Safety Message Dissemination Control On Vehicular Ad Hoc Networks", International Conference on Apperceiving Computing and Intelligence Analysis 2010 (ICACIA''10), Dec 2010', 2, NULL, NULL, '2010-12-01', NULL, '20111013734803', NULL, 0, 1, '0', 0, NULL, 1, 0, 'Reliable and Efficient Safety Message Dissemination Control On Vehicular Ad Hoc Networks.pdf', '', 0, '', 0, NULL),
(2393, 'Hesiri Weerasinghe, Huirong Fu, Supeng Leng, "Anonymous service access for vehicular ad hoc networks", 6th International Conference on Information Assurance and Security (IAS 2010), pp.173-178, Aug 2010', 2, NULL, NULL, '2010-08-23', NULL, '20104713403861', NULL, 0, 1, '0', 0, NULL, 1, 0, 'Anonymous service access for vehicular ad hoc networks.pdf', '', 0, '', 0, NULL),
(2394, 'Rui Chen, Supeng Leng, Xiaoyan Huang, "A Joint Resource Allocation Algorithm for cooperative communications", 3rd IEEE International Conference on Advanced Computer Control (ICACC 2011), Jan 2011', 2, NULL, NULL, '2011-01-01', NULL, '20114014394036', NULL, 0, 1, '0', 0, NULL, 1, 0, 'A Joint Resource Allocation Algorithm for cooperative communications.pdf', '', 0, '', 0, NULL),
(2395, 'Yongxin Wang, Supeng Leng,"Joint Power and Rate Control in Cognitive Network with External Interference", 3rd International Conference on Communication Software and Networks (ICCSN 2011), May 2011', 2, NULL, NULL, '2011-05-01', NULL, '20113914378676', NULL, 0, 1, '0', 0, NULL, 1, 0, 'Joint Power and Rate Control in Cognitive Network with External Interference.pdf', '', 0, '', 0, NULL),
(2396, 'Qing Wang, Supeng Leng, Yan Zhang and Huirong Fu,"A QoS Supported Multi-channel MAC for Vehicular Ad Hoc Networks", IEEE VTC 2011 – Spring, 1-5, May 2011', 2, NULL, NULL, '2011-05-01', NULL, '20113514268106', NULL, 0, 1, '0', 0, NULL, 1, 0, 'A QoS Supported Multi-channel MAC for Vehicular Ad Hoc Networks.pdf', '', 0, '', 0, NULL),
(2397, 'Liren Zhang, Supeng Leng, Stephen C. Cook, "Effects of mobility on stability in vehicular ad hoc networks", 6th IEEE International Conference on Wireless and Mobile Computing, Networking and Communications (WiMob''2010), pp.707-712, 2010', 2, NULL, NULL, '2010-01-01', NULL, '20110113544204', NULL, 0, 1, '0', 0, NULL, 1, 0, 'Effects of mobility on stability in vehicular ad hoc networks.pdf', '', 0, '', 0, NULL),
(2398, 'Caixing Shao, Supeng Leng, Yan Zhang, Huirong Fu,"A Multi-priority Supported p-persistent MAC Protocol for Vehicular Ad Hoc Networks", 2012 IEEE Wireless Communications and Networking Conference (WCNC 2012), April 2012', 2, NULL, NULL, '2012-04-01', NULL, '是', NULL, 0, 1, '0', 0, NULL, 1, 0, 'A Multi-priority Supported p-persistent MAC Protocol for Vehicular Ad Hoc Networks.pdf', '', 0, '', 0, NULL),
(2399, '冷甦鹏，李勇，刘科，"无线共享信道退避访问攻击的新型检测算法"，电子科技大学学报，Vol 38, No 5, pp.644-650，2009年9月', 2, NULL, NULL, '2009-09-01', NULL, '20094512433453', NULL, 0, 0, '0', 1, NULL, 0, 1, '无线共享信道退避访问攻击的新型检测算法.pdf', '', 0, '', 0, NULL),
(2400, '杨晨炜，冷甦鹏，"基于NS2的认知无线电网络模型"，计算机工程，pp. 111-113，2010年5期', 2, NULL, NULL, '2010-03-01', NULL, NULL, NULL, 0, 0, '0', 1, NULL, 0, 1, '基于NS2的认知无线电网络模型.pdf', '', 0, '', 0, NULL),
(2401, '姚胜,冷甦鹏，"基于OLSR路由协议的HIDA算法"，计算机工程，pp. 147-149，2010年9期', 2, NULL, NULL, '2010-05-01', NULL, NULL, NULL, 0, 0, '0', 1, NULL, 0, 1, '基于OLSR路由协议的HIDA算法.pdf', '', 0, '', 0, NULL),
(2402, '周坚,冷甦鹏，"一种自适应速率的UWB MAC协议"，计算机工程与应用，pp.109-112, 2011年1月', 2, NULL, NULL, '2011-01-01', NULL, NULL, NULL, 0, 0, '0', 1, NULL, 0, 1, '一种自适应速率的UWB MAC协议.pdf', '', 0, '', 0, NULL),
(2403, '刘科，冷甦鹏，"可调功率双忙音无线MAC协议"，计算机工程，pp. 129-132，2010年12期', 2, NULL, NULL, '2010-06-01', NULL, NULL, NULL, 0, 0, '0', 1, NULL, 0, 1, '可调功率双忙音无线MAC协议.pdf', '', 0, '', 0, NULL),
(2404, '杨坤，冷甦鹏，"RFID系统时隙不完全竞争防碰撞算法"，计算机工程，pp. 260-262，2011年2期', 2, NULL, NULL, '2011-01-16', NULL, NULL, NULL, 0, 0, '0', 1, NULL, 0, 1, 'RFID系统时隙不完全竞争防碰撞算法.pdf', '', 0, '', 0, NULL),
(2405, '马长青，冷甦鹏，"无线多跳网络GeoGRID协议研究"，计算机工程与应用，pp.100-103, 2011年25期', 2, NULL, NULL, '2011-09-01', NULL, NULL, NULL, 0, 0, '0', 1, NULL, 0, 1, '无线多跳网络GeoGRID协议研究.pdf', '', 0, '', 0, NULL),
(2406, '李鹤松，冷甦鹏，"一种新型无线Mesh网络多信道MAC协议"，计算机工程与应用, pp.66-69, 2011年26期', 2, NULL, NULL, '2011-09-11', NULL, NULL, NULL, 0, 0, '0', 1, NULL, 0, 1, '一种新型无线Mesh网络多信道MAC协议.pdf', '', 0, '', 0, NULL),
(2407, 'Ke Zhang, Yuming Mao, Supeng Leng, Liren Zhang, “Dynamic spectrum access for cognitive radio networks based on reservation channels ,”Proc. ICCT, pp.245–249, September 2011.', 2, NULL, NULL, '2011-09-01', NULL, '20121214873659', NULL, 0, 1, '0', 0, NULL, 1, 0, 'Dynamic spectrum access for cognitive radio networks based on reservation channels.pdf', '', 0, '', 0, NULL),
(2408, 'Ke Zhang, Yuming Mao, Supeng Leng, “Analysis of cognitive radio spectrum access with constraining interference,”Proc. ICCP, pp.226–231, October 2011.', 2, NULL, NULL, '2011-10-01', NULL, '20115214632684', NULL, 0, 1, '0', 0, NULL, 1, 0, 'Analysis of cognitive radio spectrum access with constraining interference.pdf', '', 0, '', 0, NULL),
(2409, 'Fan Wu, Yuming Mao, Xiaoyan Huang, Supeng Leng, "A joint resource allocation scheme for OFDMA-based wireless networks with carrier aggregation", Proc. IEEE Wireless Communications and Networking Conference (WCNC 2012), pp. 1299-1304, April 2012', 2, NULL, NULL, '2012-04-01', NULL, NULL, NULL, 0, 1, '0', 0, NULL, 1, 0, 'A Joint Resource Allocation Scheme for OFDMA-based Wireless Networks with Carrier Aggregation.pdf', '', 0, '', 0, NULL),
(2410, 'Fan Wu, Yuming Mao, Supeng Leng, Xiaoyan Huang, "A Carrier Aggregation Based Resource Allocation Scheme for Pervasive Wireless Networks", Proc. IEEE Ninth International Conference on Dependable, Autonomic and Secure Computing (DASC 2011), pp. 196-201, Dec. 2011', 2, NULL, NULL, '2011-12-01', NULL, '20120414716795', NULL, 0, 1, '0', 0, NULL, 1, 0, 'A Carrier Aggregation Based Resource Allocation Scheme for Pervasive Wireless Networks.pdf', '', 0, '', 0, NULL),
(2411, '吴凡，毛玉明，毛建兵，冷甦鹏，"无线Ad hoc网络中分布式极大吞吐率调度算法研究",计算机应用研究， Vol 25, No. 11, pp. 3440-3444, Nov. 2008', 2, NULL, NULL, '2008-11-01', NULL, NULL, NULL, 0, 0, '0', 1, NULL, 0, 1, '无线Adhoc网络中分布式极大吞吐率调度算法研究.pdf', '', 0, '', 0, NULL),
(2412, 'Jianjun Yang, Yuming Mao, Qin Yu and Yunkai Wei    “Improving Data Transmission reliability in Wireless Sensor Network”   IEEE Conference Publications  pp.202 - 205, July 2009.', 2, NULL, NULL, '2009-07-01', NULL, '20095312593803', NULL, 0, 1, '0', 0, NULL, 1, 0, 'Improving Data Transmission Reliability in Wireless Sensor Network.pdf', '', 0, '', 0, NULL),
(2413, 'Jianjun Yang, Yuming Mao, Qin Yu and Yunkai Wei    “The Influence ofNetwork Traffic Correlation on the Queueing Performance ”  IEEE Conference Publications  pp.177 - 180, May 2008.', 2, NULL, NULL, '2008-05-01', NULL, '20090211852516', NULL, 0, 1, '0', 0, NULL, 1, 0, 'The Influence of Network Traffic Correlation on the Queueing Performance.pdf', '', 0, '', 0, NULL),
(2414, '杨建军, 毛玉明, 孙健，“一种基于地理位置信息的Ad hoc网络路由算法”，计算机应用研究，vol. 26，no.3，pp.1010-1012， Mar. 2009.', 2, NULL, NULL, '2009-03-01', NULL, NULL, NULL, 0, 0, '0', 1, NULL, 0, 1, '一种基于地理位置信息的Adhoc网络路由算法.pdf', '', 0, '', 0, NULL),
(2415, 'Longjiang Li, Yuming Mao, Supeng Leng. Privacy addressing and autoconfiguration for mobile ad hoc networks. Computer Communications. 2011，Vol. 34(3): 423–428.', 2, NULL, NULL, '2011-01-01', 'ISI：720IN', ' 20110413624010', NULL, 0, 0, '0', 1, NULL, 1, 0, 'Privacy addressing and autoconfiguration for mobile ad hoc networks.pdf', '', 0, '', 0, NULL),
(2416, 'Longjiang Li, Supeng Leng, Yuming Mao. On-demand query processing in mobile ad hoc networks, in Proc. IEEE DASC 2009, pp.364-368. ', 2, NULL, NULL, '2009-01-01', NULL, ' 20101512838026', NULL, 0, 1, '0', 0, NULL, 1, 0, 'On-demand query processing in mobile ad hoc networks.pdf', '', 0, '', 0, NULL),
(2417, 'Longjiang Li, Yunze Cai, Xiaoming Xu. Domain-based autoconfiguration framework for large scale MANETs, Wireless Communications and Mobile Computing, 2009, Vol. 9(7):938-947.', 2, NULL, NULL, '2009-01-01', ' ISI：470DW', ' 20093212237144', NULL, 0, 0, '0', 1, NULL, 1, 0, 'Domain-based autoconfiguration framework for large scale MANETs.pdf', '', 0, '', 0, NULL),
(2418, 'Longjiang Li, Yunze Cai, Xiaoming Xu. Cluster-based autoconfiguration for mobile ad hoc networks. Wireless Personal Communications, 2009, Vol. 49(4):561-573.', 2, NULL, NULL, '2009-01-01', 'ISI：442IS', '20092412130346', NULL, 0, 0, '0', 1, NULL, 1, 0, 'Cluster-based autoconfiguration for mobile ad hoc networks.pdf', '', 0, '', 0, NULL),
(2419, 'Longjiang Li, Yuming Mao, Yonggang Li. Resource-efficient care-of address provisioning for seamless IPv6 mobility support, in Proc. IEEE HPSR 2008, pp.137-142.', 2, NULL, NULL, '2008-01-01', NULL, ' 20090911931032', NULL, 0, 1, '0', 0, NULL, 1, 0, 'Resource-efficient care-of address provisioning for seamless IPv6 mobility support.pdf', '', 0, '', 0, NULL),
(2420, 'Longjiang Li, Yunze Cai, Xiaoming Xu. Spanning-Tree based Autoconfiguration for Mobile Ad Hoc Networks. Wireless Personal Communications, 2007, Vol. 43(4):1465-1477. ', 2, NULL, NULL, '2007-01-01', 'ISI：241GM', ' 20074810955426', NULL, 0, 0, '0', 1, NULL, 1, 0, 'Spanning-Tree based Autoconfiguration for Mobile Ad Hoc Networks.pdf', '', 0, '', 0, NULL),
(2421, 'Longjiang Li, Yunze Cai, Xiaoming Xu. Yonggang Li. Agent-based passive autoconfiguration for large scale MANETs. Wireless Personal Communications, 2007, Vol. 43(4):1741-1749. ', 2, NULL, NULL, '2007-01-01', ' ISI：241GM', '20074810955445', NULL, 0, 0, '0', 1, NULL, 1, 0, 'Agent-based passive autoconfiguration for large scale MANETs.pdf', '', 0, '', 0, NULL),
(2422, 'Longjiang Li, Xiaoming Xu, Yunze Cai. Gradient-Based Autoconfiguration for Hybrid Mobile Ad Hoc Networks, in Proc. HPCC 2006(LNCS, SCI), Vol. 4208, pages: 682-691. ', 2, NULL, NULL, '2006-01-01', 'ISI：BFF44', ' 20064410206373', NULL, 0, 1, '0', 0, NULL, 1, 0, 'Gradient-Based Autoconfiguration for Hybrid Mobile Ad Hoc Networks.pdf', '', 0, '', 0, NULL),
(2423, 'Longjiang Li, Xiaoming Xu. Optimistic Dynamic Address Allocation for Large Scale MANETs, in Proc. MSN 2005(LNCS, SCI), Vol. 3794, pages: 794-803.', 2, NULL, NULL, '2005-01-01', 'ISI：BDP31', '2006229908819', NULL, 0, 1, '0', 0, NULL, 1, 0, 'Optimistic Dynamic Address Allocation for Large Scale MANETs', '', 0, '', 0, NULL),
(2424, 'Q. Liu, X. H. Huang, S. P. Leng, L. J. Li and Y. M. Mao. "Deployment Strategy of Wireless Sensor Networks for Internet of Things". China Communications, 2012, vol.12 no.8, pp.111-120, Dec. 2012.', 2, NULL, NULL, '2011-12-15', 'SCI: 000298518200014', NULL, NULL, 0, 0, '0', 1, NULL, 1, 0, 'Deployment Strategy of Wireless Sensor Networks for Internet of Things.pdf', '', 0, '', 0, NULL),
(2425, 'Q. Liu, S. P. Leng, Y. M. Mao and Y. Zhang, "Optimal Gateway Placement in the Smart Grid Machine-to-Machine Networks," 2011 IEEE GLOBECOM Workshops(GC Wkshps), pp.1173-1177, 5-9 Dec. 2011.', 2, NULL, NULL, '2009-12-05', NULL, 'EI:20121214883574', NULL, 0, 1, '0', 0, NULL, 0, 0, 'Optimal Gateway Placement in the Smart Grid Machine-to-Machine Networks.pdf', '', 0, '', 0, NULL),
(2426, 'Q. Liu, Y. M. Mao, S. P. Leng, L. J. Li, "An Optimal Deployment of Multiple Sink Nodes in Wireless Sensor Networks," IEEE ICCSIT 2011.', 2, NULL, NULL, '2011-06-01', NULL, NULL, NULL, 0, 1, '0', 0, NULL, 0, 1, 'An Optimal Deployment of Multiple Sink Nodes in Wireless Sensor Networks.pdf', '', 0, '', 0, NULL),
(2427, '刘强, 毛玉明, 冷甦鹏, 李龙江, 庄奕群. "无线传感器网络中多sink节点优化部署方法," 计算机应用, Vol.31, no.9, pp.2313-2316, Sep. 2011.', 2, NULL, NULL, '2011-09-01', NULL, NULL, NULL, 0, 0, '0', 1, NULL, 0, 1, '无线传感器网络中多sink节点优化部署方法.pdf', '', 0, '', 0, NULL),
(2428, '刘强,毛玉明."一种随机分布WSN中多sink节点放置算法," 计算机工程与应用.', 2, NULL, NULL, '1949-10-01', NULL, NULL, NULL, 0, 0, '0', 1, NULL, 0, 1, '一种随机分布WSN中多sink节点放置算法.pdf', '', 0, '', 0, NULL),
(2429, '刘强, 毛玉明, 冷甦鹏, 李龙江. "随机分布WSN中sink节点部署研究,"计算机工程与科学.', 2, NULL, NULL, '1949-10-01', NULL, NULL, NULL, 0, 0, '0', 1, NULL, 0, 1, '随机分布WSN中sink节点部署研究.pdf', '', 0, '', 0, NULL),
(2430, 'Tigang Jiang, et,al., “Modeling Channel Allocation for Multimedia Transmission over Infrastructure based Cognitive Radio Networks“,5(3):417-426 ,IEEE Systems Journal. June 2011', 2, NULL, NULL, '2011-07-01', 'WOS:000294170600011', '12502675', NULL, 0, 0, '0', 1, NULL, 1, 0, 'Modeling Channel Allocation for Multimedia Transmission over Infrastructure based Cognitive Radio Networks.pdf', '', 0, '', 0, NULL),
(2431, 'Tigang Jiang, et,al., “Channel Allocation and Re-allocation for Cognitive Radio Networks“, Wiley International journal of wireless communications and mobile computing, publication online, July2011', 2, NULL, NULL, '2011-07-01', '是', '是', NULL, 0, 0, '0', 1, NULL, 1, 0, 'Channel Allocation and Re-allocation for Cognitive Radio Networks.pdf', '', 0, '', 0, NULL),
(2432, 'Tigang Jiang, et,al., “QoE-Driven Channel Allocation Schemes for Multimedia Transmission of Priority-based SUs over Cognitive Radio Networks” ,IEEE Journal on Selected Areas in Communications (IEEE JSAC) ,2012.8', 2, NULL, NULL, '2012-08-01', '是', '是', NULL, 0, 0, '0', 1, NULL, 1, 0, 'QoE-Driven Channel Allocation Schemes for Multimedia Transmission of Priority-based SUs over Cognitive Radio Networks.pdf', '', 0, '', 0, NULL),
(2433, 'Tigang Jiang, et.al, “On-Demand Cognitive Radio Communications for Smart Grid”,   IEEE ICC 2012, Ottawa, Canada,2012.6', 2, NULL, NULL, '2012-06-01', NULL, '是', NULL, 0, 1, '0', 0, NULL, 1, 0, 'On-Demand Cognitive Radio Communications for Smart Grid.pdf', '', 0, '', 0, NULL),
(2434, 'Tigang Jiang, et,al., “Performance Evaluation of Channel Guard Scheme for Cognitive Radio Networks”, IEEE GlobeCom 2011, Flagship conference,  Dec 5-9, 2011,Huston, USA.', 2, NULL, NULL, '2011-12-01', NULL, '12578893', NULL, 0, 1, '0', 0, NULL, 1, 0, 'Performance Evaluation of Channel Guard Scheme for Cognitive Radio Networks.pdf', '', 0, '', 0, NULL);

-- --------------------------------------------------------

--
-- 表的结构 `tbl_paper_people`
--

CREATE TABLE IF NOT EXISTS `tbl_paper_people` (
  `paper_id` int(11) NOT NULL,
  `people_id` int(11) NOT NULL,
  `seq` int(11) DEFAULT NULL,
  PRIMARY KEY (`paper_id`,`people_id`),
  KEY `tbl_paper_people_ibfk_2` (`people_id`)
) ENGINE=InnoDB DEFAULT CHARSET=utf8 COLLATE=utf8_bin;

--
-- 转存表中的数据 `tbl_paper_people`
--

INSERT INTO `tbl_paper_people` (`paper_id`, `people_id`, `seq`) VALUES
(1776, 55, 2),
(1776, 56, 1),
(1776, 76, 3),
(1776, 96, 1),
(1777, 30, 4),
(1777, 31, 4),
(1777, 33, 4),
(1777, 34, 4),
(1777, 55, 2),
(1777, 56, 1),
(1777, 58, 4),
(1777, 59, 4),
(1777, 76, 3),
(1778, 55, 2),
(1778, 56, 1),
(1778, 76, 3),
(1779, 55, 2),
(1779, 56, 1),
(1779, 76, 3),
(1780, 55, 2),
(1780, 56, 1),
(1780, 76, 3),
(1781, 55, 2),
(1781, 56, 1),
(1781, 76, 3),
(1782, 55, 2),
(1782, 60, 3),
(1782, 72, 1),
(1783, 55, 2),
(1783, 60, 3),
(1783, 72, 1),
(1784, 55, 2),
(1784, 60, 3),
(1784, 72, 1),
(1785, 55, 2),
(1785, 60, 3),
(1785, 92, 1),
(1786, 55, 2),
(1786, 60, 3),
(1786, 92, 1),
(1787, 55, 2),
(1787, 60, 3),
(1787, 92, 1),
(1788, 55, 2),
(1788, 60, 3),
(1788, 92, 1),
(1789, 55, 2),
(1789, 60, 3),
(1789, 92, 1),
(1790, 55, 2),
(1790, 60, 3),
(1790, 92, 1),
(1791, 55, 2),
(1791, 60, 3),
(1791, 92, 1),
(1792, 55, 2),
(1792, 60, 3),
(1792, 92, 1),
(1793, 55, 2),
(1793, 60, 3),
(1793, 92, 1),
(1794, 55, 2),
(1794, 60, 3),
(1794, 92, 1),
(1795, 55, 2),
(1795, 60, 3),
(1795, 92, 1),
(1796, 55, 2),
(1796, 60, 3),
(1796, 92, 1),
(1797, 55, 2),
(1797, 60, 3),
(1797, 92, 1),
(1798, 55, 2),
(1798, 60, 3),
(1798, 92, 1),
(1799, 55, 2),
(1799, 60, 3),
(1799, 93, 1),
(1800, 55, 2),
(1800, 60, 3),
(1800, 93, 1),
(1801, 55, 2),
(1801, 93, 1),
(1802, 55, 2),
(1802, 93, 1),
(1803, 55, 2),
(1803, 93, 1),
(1804, 55, 2),
(1804, 93, 1),
(1805, 55, 2),
(1805, 93, 1),
(1805, 94, 3),
(1806, 55, 2),
(1806, 93, 1),
(1807, 55, 2),
(1807, 60, 3),
(1807, 95, 1),
(1808, 48, 1),
(1808, 96, 2),
(1808, 97, 3),
(1809, 48, 1),
(1809, 97, 2),
(1809, 98, 3),
(1810, 48, 1),
(1810, 96, 2),
(1810, 97, 3),
(1811, 48, 1),
(1811, 55, 3),
(1811, 97, 2),
(1812, 48, 1),
(1812, 55, 2),
(1812, 97, 3),
(1813, 48, 1),
(1813, 55, 2),
(1813, 97, 3),
(1814, 48, 1),
(1814, 55, 2),
(1815, 48, 1),
(1815, 55, 2),
(1816, 48, 1),
(1816, 55, 2),
(1817, 48, 1),
(1817, 55, 2),
(1818, 48, 1),
(1818, 55, 2),
(1818, 76, 3),
(1819, 48, 1),
(1819, 55, 2),
(1819, 58, 3),
(1820, 48, 1),
(1820, 55, 2),
(1821, 48, 1),
(1821, 55, 2),
(1822, 48, 1),
(1822, 55, 2),
(1822, 76, 3),
(1823, 48, 1),
(1823, 55, 2),
(1824, 48, 1),
(1824, 55, 2),
(1824, 99, 3),
(1825, 48, 1),
(1825, 55, 2),
(1825, 76, 3),
(1826, 48, 1),
(1826, 55, 2),
(1827, 55, 2),
(1827, 58, 1),
(1827, 76, 3),
(1828, 48, 3),
(1828, 55, 2),
(1828, 58, 1),
(1829, 58, 1),
(1829, 100, 2),
(1829, 101, 3),
(1830, 58, 1),
(1830, 100, 2),
(1830, 101, 3),
(1831, 48, 3),
(1831, 55, 2),
(1831, 58, 1),
(1832, 48, 3),
(1832, 55, 2),
(1832, 58, 1),
(1833, 49, 2),
(1833, 55, 3),
(1833, 58, 1),
(1834, 74, 2),
(1834, 75, 1),
(1834, 101, 3),
(1835, 101, 2),
(1835, 102, 1),
(1836, 101, 2),
(1836, 103, 1),
(1837, 101, 2),
(1837, 103, 1),
(1838, 101, 2),
(1838, 104, 1),
(1839, 101, 2),
(1839, 105, 1),
(1840, 60, 1),
(1841, 60, 1),
(1842, 60, 1),
(1842, 106, 2),
(1843, 60, 1),
(1844, 60, 1),
(1845, 60, 2),
(1845, 106, 1),
(1846, 60, 2),
(1846, 106, 1),
(1847, 60, 1),
(1847, 107, 2),
(1848, 60, 2),
(1848, 106, 1),
(1850, 60, 2),
(1850, 62, 1),
(1851, 60, 2),
(1851, 106, 3),
(1851, 108, 1),
(1852, 60, 1),
(1853, 60, 2),
(1853, 71, 1),
(1854, 60, 1),
(1855, 56, 3),
(1855, 60, 2),
(1855, 109, 1),
(1856, 60, 2),
(1856, 68, 1),
(1857, 60, 2),
(1857, 106, 1),
(1858, 60, 1),
(1859, 60, 2),
(1859, 71, 1),
(1860, 60, 1),
(1860, 62, 3),
(1860, 110, 2),
(1861, 60, 2),
(1861, 111, 1),
(1862, 60, 2),
(1862, 112, 1),
(1863, 60, 2),
(1863, 113, 1),
(1864, 60, 2),
(1864, 62, 1),
(1865, 60, 2),
(1865, 65, 1),
(1866, 60, 2),
(1866, 114, 1),
(1867, 60, 2),
(1867, 115, 1),
(1868, 55, 2),
(1868, 60, 3),
(1868, 74, 1),
(1869, 55, 2),
(1869, 60, 3),
(1869, 74, 1),
(1870, 55, 2),
(1870, 56, 3),
(1870, 76, 1),
(1871, 55, 2),
(1871, 60, 3),
(1871, 76, 1),
(1872, 55, 2),
(1872, 76, 1),
(1872, 92, 3),
(1873, 48, 3),
(1873, 55, 2),
(1873, 116, 1),
(1874, 48, 3),
(1874, 55, 2),
(1874, 116, 1),
(1875, 55, 2),
(1875, 116, 1),
(1875, 117, 3),
(1876, 55, 2),
(1876, 60, 3),
(1876, 63, 1),
(1877, 55, 3),
(1877, 60, 2),
(1877, 63, 1),
(1878, 63, 1),
(1878, 80, 3),
(1878, 118, 2),
(1879, 63, 1),
(1879, 80, 3),
(1879, 118, 2),
(1880, 55, 2),
(1880, 63, 1),
(1880, 119, 3),
(1881, 63, 1),
(1881, 80, 3),
(1881, 118, 2),
(1882, 63, 1),
(1882, 80, 3),
(1882, 118, 2),
(1883, 63, 1),
(1883, 80, 2),
(1883, 118, 3),
(1884, 63, 1),
(1884, 80, 2),
(1885, 59, 1),
(1885, 60, 3),
(1885, 120, 2),
(1886, 55, 3),
(1886, 59, 1),
(1886, 60, 2),
(1887, 55, 2),
(1887, 59, 1),
(1887, 60, 3),
(1888, 55, 2),
(1888, 59, 1),
(1888, 60, 3),
(1889, 55, 2),
(1889, 59, 1),
(1890, 55, 2),
(1890, 59, 1),
(1890, 60, 3),
(1891, 51, 1),
(1891, 121, 2),
(1891, 122, 3),
(1892, 51, 1),
(1892, 121, 2),
(1892, 123, 3),
(1893, 51, 1),
(1894, 55, 2),
(1894, 56, 1),
(1894, 76, 3),
(1895, 55, 2),
(1895, 56, 1),
(1895, 76, 3),
(1896, 55, 2),
(1896, 56, 1),
(1896, 76, 3),
(1897, 55, 2),
(1897, 56, 1),
(1897, 76, 3),
(1898, 55, 2),
(1898, 56, 1),
(1898, 76, 3),
(1899, 55, 2),
(1899, 56, 1),
(1899, 76, 3),
(1900, 55, 2),
(1900, 60, 3),
(1900, 72, 1),
(1901, 55, 2),
(1901, 60, 3),
(1901, 72, 1),
(1902, 55, 2),
(1902, 60, 3),
(1902, 72, 1),
(1903, 55, 2),
(1903, 60, 3),
(1903, 92, 1),
(1904, 55, 2),
(1904, 60, 3),
(1904, 92, 1),
(1905, 55, 2),
(1905, 60, 3),
(1905, 92, 1),
(1906, 55, 2),
(1906, 60, 3),
(1906, 92, 1),
(1907, 55, 2),
(1907, 60, 3),
(1907, 92, 1),
(1908, 55, 2),
(1908, 60, 3),
(1908, 92, 1),
(1909, 55, 2),
(1909, 60, 3),
(1909, 92, 1),
(1910, 55, 2),
(1910, 60, 3),
(1910, 92, 1),
(1911, 55, 2),
(1911, 60, 3),
(1911, 92, 1),
(1912, 55, 2),
(1912, 60, 3),
(1912, 92, 1),
(1913, 55, 2),
(1913, 60, 3),
(1913, 92, 1),
(1914, 55, 2),
(1914, 60, 3),
(1914, 92, 1),
(1915, 55, 2),
(1915, 60, 3),
(1915, 92, 1),
(1916, 55, 2),
(1916, 60, 3),
(1916, 92, 1),
(1917, 55, 2),
(1917, 60, 3),
(1917, 93, 1),
(1918, 55, 2),
(1918, 60, 3),
(1918, 93, 1),
(1919, 55, 2),
(1919, 93, 1),
(1920, 55, 2),
(1920, 93, 1),
(1921, 55, 2),
(1921, 93, 1),
(1922, 55, 2),
(1922, 93, 1),
(1923, 55, 2),
(1923, 93, 1),
(1923, 94, 3),
(1924, 55, 2),
(1924, 93, 1),
(1925, 55, 2),
(1925, 60, 3),
(1925, 95, 1),
(1926, 48, 1),
(1926, 96, 2),
(1926, 97, 3),
(1927, 48, 1),
(1927, 97, 2),
(1927, 98, 3),
(1928, 48, 1),
(1928, 96, 2),
(1928, 97, 3),
(1929, 48, 1),
(1929, 55, 3),
(1929, 97, 2),
(1930, 48, 1),
(1930, 55, 2),
(1930, 97, 3),
(1931, 48, 1),
(1931, 55, 2),
(1931, 97, 3),
(1932, 48, 1),
(1932, 55, 2),
(1933, 48, 1),
(1933, 55, 2),
(1934, 48, 1),
(1934, 55, 2),
(1935, 48, 1),
(1935, 55, 2),
(1936, 48, 1),
(1936, 55, 2),
(1936, 76, 3),
(1937, 48, 1),
(1937, 55, 2),
(1937, 58, 3),
(1938, 48, 1),
(1938, 55, 2),
(1939, 48, 1),
(1939, 55, 2),
(1940, 48, 1),
(1940, 55, 2),
(1940, 76, 3),
(1941, 48, 1),
(1941, 55, 2),
(1942, 48, 1),
(1942, 55, 2),
(1942, 99, 3),
(1943, 48, 1),
(1943, 55, 2),
(1943, 76, 3),
(1944, 48, 1),
(1944, 55, 2),
(1945, 55, 2),
(1945, 58, 1),
(1945, 76, 3),
(1946, 48, 3),
(1946, 55, 2),
(1946, 58, 1),
(1947, 58, 1),
(1947, 100, 2),
(1947, 101, 3),
(1948, 58, 1),
(1948, 100, 2),
(1948, 101, 3),
(1949, 48, 3),
(1949, 55, 2),
(1949, 58, 1),
(1950, 48, 3),
(1950, 55, 2),
(1950, 58, 1),
(1951, 49, 2),
(1951, 55, 3),
(1951, 58, 1),
(1952, 74, 2),
(1952, 75, 1),
(1952, 101, 3),
(1953, 101, 2),
(1953, 102, 1),
(1954, 101, 2),
(1954, 103, 1),
(1955, 101, 2),
(1955, 103, 1),
(1956, 101, 2),
(1956, 104, 1),
(1957, 101, 2),
(1957, 105, 1),
(1958, 60, 1),
(1959, 60, 1),
(1960, 60, 1),
(1960, 106, 2),
(1961, 60, 1),
(1962, 60, 1),
(1963, 60, 2),
(1963, 106, 1),
(1964, 60, 2),
(1964, 106, 1),
(1965, 60, 1),
(1965, 107, 2),
(1966, 60, 2),
(1966, 106, 1),
(1968, 60, 2),
(1968, 62, 1),
(1969, 60, 2),
(1969, 106, 3),
(1969, 108, 1),
(1970, 60, 1),
(1971, 60, 2),
(1971, 71, 1),
(1972, 60, 1),
(1973, 56, 3),
(1973, 60, 2),
(1973, 109, 1),
(1974, 60, 2),
(1974, 68, 1),
(1975, 60, 2),
(1975, 106, 1),
(1976, 60, 1),
(1977, 60, 2),
(1977, 71, 1),
(1978, 60, 1),
(1978, 62, 3),
(1978, 110, 2),
(1979, 60, 2),
(1979, 111, 1),
(1980, 60, 2),
(1980, 112, 1),
(1981, 60, 2),
(1981, 113, 1),
(1982, 60, 2),
(1982, 62, 1),
(1983, 60, 2),
(1983, 65, 1),
(1984, 60, 2),
(1984, 114, 1),
(1985, 60, 2),
(1985, 115, 1),
(1986, 55, 2),
(1986, 60, 3),
(1986, 74, 1),
(1987, 55, 2),
(1987, 60, 3),
(1987, 74, 1),
(1988, 55, 2),
(1988, 56, 3),
(1988, 76, 1),
(1989, 55, 2),
(1989, 60, 3),
(1989, 76, 1),
(1990, 55, 2),
(1990, 76, 1),
(1990, 92, 3),
(1991, 48, 3),
(1991, 55, 2),
(1991, 116, 1),
(1992, 48, 3),
(1992, 55, 2),
(1992, 116, 1),
(1993, 55, 2),
(1993, 116, 1),
(1993, 117, 3),
(1994, 55, 2),
(1994, 60, 3),
(1994, 63, 1),
(1995, 55, 3),
(1995, 60, 2),
(1995, 63, 1),
(1996, 63, 1),
(1996, 80, 3),
(1996, 118, 2),
(1997, 63, 1),
(1997, 80, 3),
(1997, 118, 2),
(1998, 55, 2),
(1998, 63, 1),
(1998, 119, 3),
(1999, 63, 1),
(1999, 80, 3),
(1999, 118, 2),
(2000, 63, 1),
(2000, 80, 3),
(2000, 118, 2),
(2001, 63, 1),
(2001, 80, 2),
(2001, 118, 3),
(2002, 63, 1),
(2002, 80, 2),
(2003, 59, 1),
(2003, 60, 3),
(2003, 120, 2),
(2004, 55, 3),
(2004, 59, 1),
(2004, 60, 2),
(2005, 55, 2),
(2005, 59, 1),
(2005, 60, 3),
(2006, 55, 2),
(2006, 59, 1),
(2006, 60, 3),
(2007, 55, 2),
(2007, 59, 1),
(2008, 55, 2),
(2008, 59, 1),
(2008, 60, 3),
(2009, 51, 1),
(2009, 121, 2),
(2009, 122, 3),
(2010, 51, 1),
(2010, 121, 2),
(2010, 123, 3),
(2011, 51, 1),
(2011, 121, 2),
(2011, 124, 3),
(2012, 51, 1),
(2012, 121, 2),
(2012, 122, 3),
(2013, 51, 1),
(2013, 121, 2),
(2013, 125, 3),
(2014, 55, 2),
(2014, 56, 1),
(2014, 76, 3),
(2015, 55, 2),
(2015, 56, 1),
(2015, 76, 3),
(2016, 55, 2),
(2016, 56, 1),
(2016, 76, 3),
(2017, 55, 2),
(2017, 56, 1),
(2017, 76, 3),
(2018, 55, 2),
(2018, 56, 1),
(2018, 76, 3),
(2019, 55, 2),
(2019, 56, 1),
(2019, 76, 3),
(2020, 55, 2),
(2020, 60, 3),
(2020, 72, 1),
(2021, 55, 2),
(2021, 60, 3),
(2021, 72, 1),
(2022, 55, 2),
(2022, 60, 3),
(2022, 72, 1),
(2023, 55, 2),
(2023, 60, 3),
(2023, 92, 1),
(2024, 55, 2),
(2024, 60, 3),
(2024, 92, 1),
(2025, 55, 2),
(2025, 60, 3),
(2025, 92, 1),
(2026, 55, 2),
(2026, 60, 3),
(2026, 92, 1),
(2027, 55, 2),
(2027, 60, 3),
(2027, 92, 1),
(2028, 55, 2),
(2028, 60, 3),
(2028, 92, 1),
(2029, 55, 2),
(2029, 60, 3),
(2029, 92, 1),
(2030, 55, 2),
(2030, 60, 3),
(2030, 92, 1),
(2031, 55, 2),
(2031, 60, 3),
(2031, 92, 1),
(2032, 55, 2),
(2032, 60, 3),
(2032, 92, 1),
(2033, 55, 2),
(2033, 60, 3),
(2033, 92, 1),
(2034, 55, 2),
(2034, 60, 3),
(2034, 92, 1),
(2035, 55, 2),
(2035, 60, 3),
(2035, 92, 1),
(2036, 55, 2),
(2036, 60, 3),
(2036, 92, 1),
(2037, 55, 2),
(2037, 60, 3),
(2037, 93, 1),
(2038, 55, 2),
(2038, 60, 3),
(2038, 93, 1),
(2039, 55, 2),
(2039, 93, 1),
(2040, 55, 2),
(2040, 93, 1),
(2041, 55, 2),
(2041, 93, 1),
(2042, 55, 2),
(2042, 93, 1),
(2043, 55, 2),
(2043, 93, 1),
(2043, 94, 3),
(2044, 55, 2),
(2044, 93, 1),
(2045, 55, 2),
(2045, 60, 3),
(2045, 95, 1),
(2046, 48, 1),
(2046, 96, 2),
(2046, 97, 3),
(2047, 48, 1),
(2047, 97, 2),
(2047, 98, 3),
(2048, 48, 1),
(2048, 96, 2),
(2048, 97, 3),
(2049, 48, 1),
(2049, 55, 3),
(2049, 97, 2),
(2050, 48, 1),
(2050, 55, 2),
(2050, 97, 3),
(2051, 48, 1),
(2051, 55, 2),
(2051, 97, 3),
(2052, 48, 1),
(2052, 55, 2),
(2053, 48, 1),
(2053, 55, 2),
(2054, 48, 1),
(2054, 55, 2),
(2055, 48, 1),
(2055, 55, 2),
(2056, 48, 1),
(2056, 55, 2),
(2056, 76, 3),
(2057, 48, 1),
(2057, 55, 2),
(2057, 58, 3),
(2058, 48, 1),
(2058, 55, 2),
(2059, 48, 1),
(2059, 55, 2),
(2060, 48, 1),
(2060, 55, 2),
(2060, 76, 3),
(2061, 48, 1),
(2061, 55, 2),
(2062, 48, 1),
(2062, 55, 2),
(2062, 99, 3),
(2063, 48, 1),
(2063, 55, 2),
(2063, 76, 3),
(2064, 48, 1),
(2064, 55, 2),
(2065, 55, 2),
(2065, 58, 1),
(2065, 76, 3),
(2066, 48, 3),
(2066, 55, 2),
(2066, 58, 1),
(2067, 58, 1),
(2067, 100, 2),
(2067, 101, 3),
(2068, 58, 1),
(2068, 100, 2),
(2068, 101, 3),
(2069, 48, 3),
(2069, 55, 2),
(2069, 58, 1),
(2070, 48, 3),
(2070, 55, 2),
(2070, 58, 1),
(2071, 49, 2),
(2071, 55, 3),
(2071, 58, 1),
(2072, 74, 2),
(2072, 75, 1),
(2072, 101, 3),
(2073, 101, 2),
(2073, 102, 1),
(2074, 101, 2),
(2074, 103, 1),
(2075, 101, 2),
(2075, 103, 1),
(2076, 101, 2),
(2076, 104, 1),
(2077, 101, 2),
(2077, 105, 1),
(2078, 60, 1),
(2079, 60, 1),
(2080, 60, 1),
(2080, 106, 2),
(2081, 60, 1),
(2082, 60, 1),
(2083, 60, 2),
(2083, 106, 1),
(2084, 60, 2),
(2084, 106, 1),
(2085, 60, 1),
(2085, 107, 2),
(2086, 60, 2),
(2086, 106, 1),
(2088, 60, 2),
(2088, 62, 1),
(2089, 60, 2),
(2089, 106, 3),
(2089, 108, 1),
(2090, 60, 1),
(2091, 60, 2),
(2091, 71, 1),
(2092, 60, 1),
(2093, 56, 3),
(2093, 60, 2),
(2093, 109, 1),
(2094, 60, 2),
(2094, 68, 1),
(2095, 60, 2),
(2095, 106, 1),
(2096, 60, 1),
(2097, 60, 2),
(2097, 71, 1),
(2098, 60, 1),
(2098, 62, 3),
(2098, 110, 2),
(2099, 60, 2),
(2099, 111, 1),
(2100, 60, 2),
(2100, 112, 1),
(2101, 60, 2),
(2101, 113, 1),
(2102, 60, 2),
(2102, 62, 1),
(2103, 60, 2),
(2103, 65, 1),
(2104, 60, 2),
(2104, 114, 1),
(2105, 60, 2),
(2105, 115, 1),
(2106, 55, 2),
(2106, 60, 3),
(2106, 74, 1),
(2107, 55, 2),
(2107, 60, 3),
(2107, 74, 1),
(2108, 55, 2),
(2108, 56, 3),
(2108, 76, 1),
(2109, 55, 2),
(2109, 60, 3),
(2109, 76, 1),
(2110, 55, 2),
(2110, 76, 1),
(2110, 92, 3),
(2111, 48, 3),
(2111, 55, 2),
(2111, 116, 1),
(2112, 48, 3),
(2112, 55, 2),
(2112, 116, 1),
(2113, 55, 2),
(2113, 116, 1),
(2113, 117, 3),
(2114, 55, 2),
(2114, 60, 3),
(2114, 63, 1),
(2115, 55, 3),
(2115, 60, 2),
(2115, 63, 1),
(2116, 63, 1),
(2116, 80, 3),
(2116, 118, 2),
(2117, 63, 1),
(2117, 80, 3),
(2117, 118, 2),
(2118, 55, 2),
(2118, 63, 1),
(2118, 119, 3),
(2119, 63, 1),
(2119, 80, 3),
(2119, 118, 2),
(2120, 63, 1),
(2120, 80, 3),
(2120, 118, 2),
(2121, 63, 1),
(2121, 80, 2),
(2121, 118, 3),
(2122, 63, 1),
(2122, 80, 2),
(2123, 59, 1),
(2123, 60, 3),
(2123, 120, 2),
(2124, 55, 3),
(2124, 59, 1),
(2124, 60, 2),
(2125, 55, 2),
(2125, 59, 1),
(2125, 60, 3),
(2126, 55, 2),
(2126, 59, 1),
(2126, 60, 3),
(2127, 55, 2),
(2127, 59, 1),
(2128, 55, 2),
(2128, 59, 1),
(2128, 60, 3),
(2129, 51, 1),
(2129, 121, 2),
(2129, 122, 3),
(2130, 51, 1),
(2130, 121, 2),
(2130, 123, 3),
(2131, 51, 1),
(2131, 121, 2),
(2131, 124, 3),
(2132, 51, 1),
(2132, 121, 2),
(2132, 122, 3),
(2133, 51, 1),
(2133, 121, 2),
(2133, 125, 3),
(2134, 49, 2),
(2134, 50, 1),
(2134, 53, 3),
(2135, 55, 2),
(2135, 56, 1),
(2135, 76, 3),
(2136, 55, 2),
(2136, 56, 1),
(2136, 76, 3),
(2137, 55, 2),
(2137, 56, 1),
(2137, 76, 3),
(2138, 55, 2),
(2138, 56, 1),
(2138, 76, 3),
(2139, 55, 2),
(2139, 56, 1),
(2139, 76, 3),
(2140, 55, 2),
(2140, 56, 1),
(2140, 76, 3),
(2141, 55, 2),
(2141, 60, 3),
(2141, 72, 1),
(2142, 55, 2),
(2142, 60, 3),
(2142, 72, 1),
(2143, 55, 2),
(2143, 60, 3),
(2143, 72, 1),
(2144, 55, 2),
(2144, 60, 3),
(2144, 92, 1),
(2145, 55, 2),
(2145, 60, 3),
(2145, 92, 1),
(2146, 55, 2),
(2146, 60, 3),
(2146, 92, 1),
(2147, 55, 2),
(2147, 60, 3),
(2147, 92, 1),
(2148, 55, 2),
(2148, 60, 3),
(2148, 92, 1),
(2149, 55, 2),
(2149, 60, 3),
(2149, 92, 1),
(2150, 55, 2),
(2150, 60, 3),
(2150, 92, 1),
(2151, 55, 2),
(2151, 60, 3),
(2151, 92, 1),
(2152, 55, 2),
(2152, 60, 3),
(2152, 92, 1),
(2153, 55, 2),
(2153, 60, 3),
(2153, 92, 1),
(2154, 55, 2),
(2154, 60, 3),
(2154, 92, 1),
(2155, 55, 2),
(2155, 60, 3),
(2155, 92, 1),
(2156, 55, 2),
(2156, 60, 3),
(2156, 92, 1),
(2157, 55, 2),
(2157, 60, 3),
(2157, 92, 1),
(2158, 55, 2),
(2158, 60, 3),
(2158, 93, 1),
(2159, 55, 2),
(2159, 60, 3),
(2159, 93, 1),
(2160, 55, 2),
(2160, 93, 1),
(2161, 55, 2),
(2161, 93, 1),
(2162, 55, 2),
(2162, 93, 1),
(2163, 55, 2),
(2163, 93, 1),
(2164, 55, 2),
(2164, 93, 1),
(2164, 94, 3),
(2165, 55, 2),
(2165, 93, 1),
(2166, 55, 2),
(2166, 60, 3),
(2166, 95, 1),
(2167, 48, 1),
(2167, 96, 2),
(2167, 97, 3),
(2168, 48, 1),
(2168, 97, 2),
(2168, 98, 3),
(2169, 48, 1),
(2169, 96, 2),
(2169, 97, 3),
(2170, 48, 1),
(2170, 55, 3),
(2170, 97, 2),
(2171, 48, 1),
(2171, 55, 2),
(2171, 97, 3),
(2172, 48, 1),
(2172, 55, 2),
(2172, 97, 3),
(2173, 48, 1),
(2173, 55, 2),
(2174, 48, 1),
(2174, 55, 2),
(2175, 48, 1),
(2175, 55, 2),
(2176, 48, 1),
(2176, 55, 2),
(2177, 48, 1),
(2177, 55, 2),
(2177, 76, 3),
(2178, 48, 1),
(2178, 55, 2),
(2178, 58, 3),
(2179, 48, 1),
(2179, 55, 2),
(2180, 48, 1),
(2180, 55, 2),
(2181, 48, 1),
(2181, 55, 2),
(2181, 76, 3),
(2182, 48, 1),
(2182, 55, 2),
(2183, 48, 1),
(2183, 55, 2),
(2183, 99, 3),
(2184, 48, 1),
(2184, 55, 2),
(2184, 76, 3),
(2185, 48, 1),
(2185, 55, 2),
(2186, 55, 2),
(2186, 58, 1),
(2186, 76, 3),
(2187, 48, 3),
(2187, 55, 2),
(2187, 58, 1),
(2188, 58, 1),
(2188, 100, 2),
(2188, 101, 3),
(2189, 58, 1),
(2189, 100, 2),
(2189, 101, 3),
(2190, 48, 3),
(2190, 55, 2),
(2190, 58, 1),
(2191, 48, 3),
(2191, 55, 2),
(2191, 58, 1),
(2192, 49, 2),
(2192, 55, 3),
(2192, 58, 1),
(2193, 74, 2),
(2193, 75, 1),
(2193, 101, 3),
(2194, 101, 2),
(2194, 102, 1),
(2195, 101, 2),
(2195, 103, 1),
(2196, 101, 2),
(2196, 103, 1),
(2197, 101, 2),
(2197, 104, 1),
(2198, 101, 2),
(2198, 105, 1),
(2199, 60, 1),
(2200, 60, 1),
(2201, 60, 1),
(2201, 106, 2),
(2202, 60, 1),
(2203, 60, 1),
(2204, 60, 2),
(2204, 106, 1),
(2205, 60, 2),
(2205, 106, 1),
(2206, 60, 1),
(2206, 107, 2),
(2207, 60, 2),
(2207, 106, 1),
(2209, 60, 2),
(2209, 62, 1),
(2210, 60, 2),
(2210, 106, 3),
(2210, 108, 1),
(2211, 60, 1),
(2212, 60, 2),
(2212, 71, 1),
(2213, 60, 1),
(2214, 56, 3),
(2214, 60, 2),
(2214, 109, 1),
(2215, 60, 2),
(2215, 68, 1),
(2216, 60, 2),
(2216, 106, 1),
(2217, 60, 1),
(2218, 60, 2),
(2218, 71, 1),
(2219, 60, 1),
(2219, 62, 3),
(2219, 110, 2),
(2220, 60, 2),
(2220, 111, 1),
(2221, 60, 2),
(2221, 112, 1),
(2222, 60, 2),
(2222, 113, 1),
(2223, 60, 2),
(2223, 62, 1),
(2224, 60, 2),
(2224, 65, 1),
(2225, 60, 2),
(2225, 114, 1),
(2226, 60, 2),
(2226, 115, 1),
(2227, 55, 2),
(2227, 60, 3),
(2227, 74, 1),
(2228, 55, 2),
(2228, 60, 3),
(2228, 74, 1),
(2229, 55, 2),
(2229, 56, 3),
(2229, 76, 1),
(2230, 55, 2),
(2230, 60, 3),
(2230, 76, 1),
(2231, 55, 2),
(2231, 76, 1),
(2231, 92, 3),
(2232, 48, 3),
(2232, 55, 2),
(2232, 116, 1),
(2233, 48, 3),
(2233, 55, 2),
(2233, 116, 1),
(2234, 55, 2),
(2234, 116, 1),
(2234, 117, 3),
(2235, 55, 2),
(2235, 60, 3),
(2235, 63, 1),
(2236, 55, 3),
(2236, 60, 2),
(2236, 63, 1),
(2237, 63, 1),
(2237, 80, 3),
(2237, 118, 2),
(2238, 63, 1),
(2238, 80, 3),
(2238, 118, 2),
(2239, 55, 2),
(2239, 63, 1),
(2239, 119, 3),
(2240, 63, 1),
(2240, 80, 3),
(2240, 118, 2),
(2241, 63, 1),
(2241, 80, 3),
(2241, 118, 2),
(2242, 63, 1),
(2242, 80, 2),
(2242, 118, 3),
(2243, 63, 1),
(2243, 80, 2),
(2244, 59, 1),
(2244, 60, 3),
(2244, 120, 2),
(2245, 55, 3),
(2245, 59, 1),
(2245, 60, 2),
(2246, 55, 2),
(2246, 59, 1),
(2246, 60, 3),
(2247, 55, 2),
(2247, 59, 1),
(2247, 60, 3),
(2248, 55, 2),
(2248, 59, 1),
(2249, 55, 2),
(2249, 59, 1),
(2249, 60, 3),
(2250, 51, 1),
(2250, 121, 2),
(2250, 122, 3),
(2251, 51, 1),
(2251, 121, 2),
(2251, 123, 3),
(2252, 51, 1),
(2252, 121, 2),
(2252, 124, 3),
(2253, 51, 1),
(2253, 121, 2),
(2253, 122, 3),
(2254, 51, 1),
(2254, 121, 2),
(2254, 125, 3),
(2256, 55, 2),
(2256, 56, 1),
(2256, 76, 3),
(2257, 55, 2),
(2257, 56, 1),
(2257, 76, 3),
(2258, 55, 2),
(2258, 56, 1),
(2258, 76, 3),
(2259, 55, 2),
(2259, 56, 1),
(2259, 76, 3),
(2260, 55, 2),
(2260, 56, 1),
(2260, 76, 3),
(2261, 55, 2),
(2261, 56, 1),
(2261, 76, 3),
(2262, 55, 2),
(2262, 60, 3),
(2262, 72, 1),
(2263, 55, 2),
(2263, 60, 3),
(2263, 72, 1),
(2264, 55, 2),
(2264, 60, 3),
(2264, 72, 1),
(2265, 55, 2),
(2265, 60, 3),
(2265, 92, 1),
(2266, 55, 2),
(2266, 60, 3),
(2266, 92, 1),
(2267, 55, 2),
(2267, 60, 3),
(2267, 92, 1),
(2268, 55, 2),
(2268, 60, 3),
(2268, 92, 1),
(2269, 55, 2),
(2269, 60, 3),
(2269, 92, 1),
(2270, 55, 2),
(2270, 60, 3),
(2270, 92, 1),
(2271, 55, 2),
(2271, 60, 3),
(2271, 92, 1),
(2272, 55, 2),
(2272, 60, 3),
(2272, 92, 1),
(2273, 55, 2),
(2273, 60, 3),
(2273, 92, 1),
(2274, 55, 2),
(2274, 60, 3),
(2274, 92, 1),
(2275, 55, 2),
(2275, 60, 3),
(2275, 92, 1),
(2276, 55, 2),
(2276, 60, 3),
(2276, 92, 1),
(2277, 55, 2),
(2277, 60, 3),
(2277, 92, 1),
(2278, 55, 2),
(2278, 60, 3),
(2278, 92, 1),
(2279, 55, 2),
(2279, 60, 3),
(2279, 93, 1),
(2280, 55, 2),
(2280, 60, 3),
(2280, 93, 1),
(2281, 55, 2),
(2281, 93, 1),
(2282, 55, 2),
(2282, 93, 1),
(2283, 55, 2),
(2283, 93, 1),
(2284, 55, 2),
(2284, 93, 1),
(2285, 55, 2),
(2285, 93, 1),
(2285, 94, 3),
(2286, 55, 2),
(2286, 93, 1),
(2287, 55, 2),
(2287, 60, 3),
(2287, 95, 1),
(2288, 48, 1),
(2288, 96, 2),
(2288, 97, 3),
(2289, 48, 1),
(2289, 97, 2),
(2289, 98, 3),
(2290, 48, 1),
(2290, 96, 2),
(2290, 97, 3),
(2291, 48, 1),
(2291, 55, 3),
(2291, 97, 2),
(2292, 48, 1),
(2292, 55, 2),
(2292, 97, 3),
(2293, 48, 1),
(2293, 55, 2),
(2293, 97, 3),
(2294, 48, 1),
(2294, 55, 2),
(2295, 48, 1),
(2295, 55, 2),
(2296, 48, 1),
(2296, 55, 2),
(2297, 48, 1),
(2297, 55, 2),
(2298, 48, 1),
(2298, 55, 2),
(2298, 76, 3),
(2299, 48, 1),
(2299, 55, 2),
(2299, 58, 3),
(2300, 48, 1),
(2300, 55, 2),
(2301, 48, 1),
(2301, 55, 2),
(2302, 48, 1),
(2302, 55, 2),
(2302, 76, 3),
(2303, 48, 1),
(2303, 55, 2),
(2304, 48, 1),
(2304, 55, 2),
(2304, 99, 3),
(2305, 48, 1),
(2305, 55, 2),
(2305, 76, 3),
(2306, 48, 1),
(2306, 55, 2),
(2307, 55, 2),
(2307, 58, 1),
(2307, 76, 3),
(2308, 48, 3),
(2308, 55, 2),
(2308, 58, 1),
(2309, 58, 1),
(2309, 100, 2),
(2309, 101, 3),
(2315, 55, 2),
(2315, 56, 1),
(2315, 76, 3),
(2316, 55, 2),
(2316, 56, 1),
(2316, 76, 3),
(2317, 55, 2),
(2317, 56, 1),
(2317, 76, 3),
(2318, 55, 2),
(2318, 56, 1),
(2318, 76, 3),
(2319, 55, 2),
(2319, 56, 1),
(2319, 76, 3),
(2320, 55, 2),
(2320, 56, 1),
(2320, 76, 3),
(2321, 55, 2),
(2321, 60, 3),
(2321, 72, 1),
(2322, 55, 2),
(2322, 60, 3),
(2322, 72, 1),
(2323, 55, 2),
(2323, 60, 3),
(2323, 72, 1),
(2324, 55, 2),
(2324, 60, 3),
(2324, 92, 1),
(2325, 55, 2),
(2325, 60, 3),
(2325, 92, 1),
(2326, 55, 2),
(2326, 60, 3),
(2326, 92, 1),
(2327, 55, 2),
(2327, 60, 3),
(2327, 92, 1),
(2328, 55, 2),
(2328, 60, 3),
(2328, 92, 1),
(2329, 55, 2),
(2329, 60, 3),
(2329, 92, 1),
(2330, 55, 2),
(2330, 60, 3),
(2330, 92, 1),
(2331, 55, 2),
(2331, 60, 3),
(2331, 92, 1),
(2332, 55, 2),
(2332, 60, 3),
(2332, 92, 1),
(2333, 55, 2),
(2333, 60, 3),
(2333, 92, 1),
(2334, 55, 2),
(2334, 60, 3),
(2334, 92, 1),
(2335, 55, 2),
(2335, 60, 3),
(2335, 92, 1),
(2336, 55, 2),
(2336, 60, 3),
(2336, 92, 1),
(2337, 55, 2),
(2337, 60, 3),
(2337, 92, 1),
(2338, 55, 2),
(2338, 60, 3),
(2338, 93, 1),
(2339, 55, 2),
(2339, 60, 3),
(2339, 93, 1),
(2340, 55, 2),
(2340, 93, 1),
(2341, 55, 2),
(2341, 93, 1),
(2342, 55, 2),
(2342, 93, 1),
(2343, 55, 2),
(2343, 93, 1),
(2344, 55, 2),
(2344, 93, 1),
(2344, 94, 3),
(2345, 55, 2),
(2345, 93, 1),
(2346, 55, 2),
(2346, 60, 3),
(2346, 95, 1),
(2347, 48, 1),
(2347, 96, 2),
(2347, 97, 3),
(2348, 48, 1),
(2348, 97, 2),
(2348, 98, 3),
(2349, 48, 1),
(2349, 96, 2),
(2349, 97, 3),
(2350, 48, 1),
(2350, 55, 3),
(2350, 97, 2),
(2351, 48, 1),
(2351, 55, 2),
(2351, 97, 3),
(2352, 48, 1),
(2352, 55, 2),
(2352, 97, 3),
(2353, 48, 1),
(2353, 55, 2),
(2354, 48, 1),
(2354, 55, 2),
(2355, 48, 1),
(2355, 55, 2),
(2356, 48, 1),
(2356, 55, 2),
(2357, 48, 1),
(2357, 55, 2),
(2357, 76, 3),
(2358, 48, 1),
(2358, 55, 2),
(2358, 58, 3),
(2359, 48, 1),
(2359, 55, 2),
(2360, 48, 1),
(2360, 55, 2),
(2361, 48, 1),
(2361, 55, 2),
(2361, 76, 3),
(2362, 48, 1),
(2362, 55, 2),
(2363, 48, 1),
(2363, 55, 2),
(2363, 99, 3),
(2364, 48, 1),
(2364, 55, 2),
(2364, 76, 3),
(2365, 48, 1),
(2365, 55, 2),
(2366, 55, 2),
(2366, 58, 1),
(2366, 76, 3),
(2367, 48, 3),
(2367, 55, 2),
(2367, 58, 1),
(2368, 58, 1),
(2368, 100, 2),
(2368, 101, 3),
(2369, 58, 1),
(2369, 100, 2),
(2369, 101, 3),
(2370, 48, 3),
(2370, 55, 2),
(2370, 58, 1),
(2371, 48, 3),
(2371, 55, 2),
(2371, 58, 1),
(2372, 49, 2),
(2372, 55, 3),
(2372, 58, 1),
(2373, 74, 2),
(2373, 75, 1),
(2373, 101, 3),
(2374, 101, 2),
(2374, 102, 1),
(2375, 101, 2),
(2375, 103, 1),
(2376, 101, 2),
(2376, 103, 1),
(2377, 101, 2),
(2377, 104, 1),
(2378, 101, 2),
(2378, 105, 1),
(2379, 60, 1),
(2380, 60, 1),
(2381, 60, 1),
(2381, 106, 2),
(2382, 60, 1),
(2383, 60, 1),
(2384, 60, 2),
(2384, 106, 1),
(2385, 60, 2),
(2385, 106, 1),
(2386, 60, 1),
(2386, 107, 2),
(2387, 60, 2),
(2387, 106, 1),
(2389, 60, 2),
(2389, 62, 1),
(2390, 60, 2),
(2390, 106, 3),
(2390, 108, 1),
(2391, 60, 1),
(2392, 60, 2),
(2392, 71, 1),
(2393, 60, 1),
(2394, 56, 3),
(2394, 60, 2),
(2394, 109, 1),
(2395, 60, 2),
(2395, 68, 1),
(2396, 60, 2),
(2396, 106, 1),
(2397, 60, 1),
(2398, 60, 2),
(2398, 71, 1),
(2399, 60, 1),
(2399, 62, 3),
(2399, 110, 2),
(2400, 60, 2),
(2400, 111, 1),
(2401, 60, 2),
(2401, 112, 1),
(2402, 60, 2),
(2402, 113, 1),
(2403, 60, 2),
(2403, 62, 1),
(2404, 60, 2),
(2404, 65, 1),
(2405, 60, 2),
(2405, 114, 1),
(2406, 60, 2),
(2406, 115, 1),
(2407, 55, 2),
(2407, 60, 3),
(2407, 74, 1),
(2408, 55, 2),
(2408, 60, 3),
(2408, 74, 1),
(2409, 55, 2),
(2409, 56, 3),
(2409, 76, 1),
(2410, 55, 2),
(2410, 60, 3),
(2410, 76, 1),
(2411, 55, 2),
(2411, 76, 1),
(2411, 92, 3),
(2412, 48, 3),
(2412, 55, 2),
(2412, 116, 1),
(2413, 48, 3),
(2413, 55, 2),
(2413, 116, 1),
(2414, 55, 2),
(2414, 116, 1),
(2414, 117, 3),
(2415, 55, 2),
(2415, 60, 3),
(2415, 63, 1),
(2416, 55, 3),
(2416, 60, 2),
(2416, 63, 1),
(2417, 63, 1),
(2417, 80, 3),
(2417, 118, 2),
(2418, 63, 1),
(2418, 80, 3),
(2418, 118, 2),
(2419, 55, 2),
(2419, 63, 1),
(2419, 119, 3),
(2420, 63, 1),
(2420, 80, 3),
(2420, 118, 2),
(2421, 63, 1),
(2421, 80, 3),
(2421, 118, 2),
(2422, 63, 1),
(2422, 80, 2),
(2422, 118, 3),
(2423, 63, 1),
(2423, 80, 2),
(2424, 59, 1),
(2424, 60, 3),
(2424, 120, 2),
(2425, 55, 3),
(2425, 59, 1),
(2425, 60, 2),
(2426, 55, 2),
(2426, 59, 1),
(2426, 60, 3),
(2427, 55, 2),
(2427, 59, 1),
(2427, 60, 3),
(2428, 55, 2),
(2428, 59, 1),
(2429, 55, 2),
(2429, 59, 1),
(2429, 60, 3),
(2430, 51, 1),
(2430, 121, 2),
(2430, 122, 3),
(2431, 51, 1),
(2431, 121, 2),
(2431, 123, 3),
(2432, 51, 1),
(2432, 121, 2),
(2432, 124, 3),
(2433, 51, 1),
(2433, 121, 2),
(2433, 122, 3),
(2434, 51, 1),
(2434, 121, 2),
(2434, 125, 3);

-- --------------------------------------------------------

--
-- 表的结构 `tbl_patent`
--

CREATE TABLE IF NOT EXISTS `tbl_patent` (
  `id` int(11) NOT NULL AUTO_INCREMENT,
  `name` varchar(255) COLLATE utf8_bin NOT NULL,
  `app_date` date NOT NULL,
  `app_number` varchar(255) COLLATE utf8_bin NOT NULL,
  `auth_number` varchar(255) COLLATE utf8_bin DEFAULT NULL,
  `auth_date` date DEFAULT NULL,
  `is_intl` tinyint(1) NOT NULL,
  `is_domestic` tinyint(1) NOT NULL,
  `abstract` text COLLATE utf8_bin NOT NULL,
  PRIMARY KEY (`id`)
) ENGINE=InnoDB  DEFAULT CHARSET=utf8 COLLATE=utf8_bin AUTO_INCREMENT=1034 ;

--
-- 转存表中的数据 `tbl_patent`
--

INSERT INTO `tbl_patent` (`id`, `name`, `app_date`, `app_number`, `auth_number`, `auth_date`, `is_intl`, `is_domestic`, `abstract`) VALUES
(1005, '一种无线传感器网络的节能方法及休眠决策系统', '2012-01-17', '201210014288.9', '  ', NULL, 0, 1, '本发明公开了一种无线传感器网络的节能方法及休眠决策系统。本发明的方法通过设计元胞自动机状态转换规则，根据网络拓扑情况不同，设置休眠门限值从而调节休眠强度，使得节点能够通过元胞自动机的状态转换规则，在休眠和工作状态间进行切换，当有过多邻居节点处于工作状态时，当前节点可以进入休眠状态，从而减少了能量消耗；本发明的休眠决策系统通过合理使用元胞自动机处理机制，在MAC层与IP层间设计CA层，在保证网络传输可靠性的基础上，减少了节点能量消耗，延长了网络生存期的功能。\n'),
(1006, '一种异构网络的多模切换方法', '2011-12-22', '201110434828.4', '  ', NULL, 0, 1, '本发明公开了一种异构网络的多模切换方法，具体包括如下步骤：确定异构网络中每种通信模式下的实时业务和非实时业务以及确定异构网络中多种通信模式之间的优先级；设定每种通信模式下的实时业务和非实时业务各自的丢包率门限值；获取每种通信模式下的实时业务和非实时业务各自的丢包率；按照优先级从高到低的顺序，将得到的丢包率与其对应的门限值对比，找到当前最适合接入的网络进行切换。本发明的方法通过通信业务感知当前的通信性能，经过决策，能够选择最优的通信模式，可以使用户更有效的使用网络资源，并加强抗中断通信能力。'),
(1007, '一种无线竞争接入退避方法', '2011-11-30', '201110389634.7', '  ', NULL, 0, 1, '本发明公开了一种无线竞争接入退避方法。本发明的方法首先建立归一化网络吞吐量与平均连续空闲时隙数目的函数，根据建立的函数关系，确定一个最优的平均连续空闲时隙数目区间，使得不同场景下的平均连续空闲时隙数目位于该区间时，网络的吞吐量均可接近最大吞吐量，而与具体的网络场景无关。根据平均连续空闲时隙数目是否在最优空闲时隙范围内，动态调整竞争窗口大小，竞争窗口小的，其增加幅度大，减小幅度小，而竞争窗口大的，其增加幅度小，减小幅度大，以达到所有节点的平均竞争窗口趋向一致，从而达到增大网络吞吐量和提高公平性的目的。'),
(1008, ' 一种分布式认知无线电网络的信道初始化方法', '2011-08-12', '201110231083.1', ' ', NULL, 0, 1, '本发明属于无线通信技术领域，公开了一种分布式认知无线电网络的初始化方法。本发明方法的 个信道机通过侦听空闲信道来捕获根节点发送的Beacon报文，整个侦听过程分为粗捕获和细捕获两个阶段，其中设置的根节点在整个信道初始化中起到了主导作用，其它节点通过捕获Beacon报文并根据其中通告的信息而接入网络。接入网络后，普通节点向上级节点发送Info报文汇报本地感知的可用信道信息，逐级汇聚到根节点，使得根节点可以统计全网可用空闲信道，有效的解决了各个节点可用信道不一致导致初始组网困难的问题；这种周期广播Beacon报文的机制，也有效的解决了迟入网节点接入网络问题。 '),
(1009, '双sink互备份WSN中基于费马点的路由方法及系统', '2011-08-31', '201110254015.7', '  ', NULL, 0, 1, '本发明提供一种面向双 sink 互备份环境下的，降低目前无线传感器网络双 sink 互备份应用下的能耗开销过高的路由方法以及实现该方法的无线传感器网络系统。将源 sensor 节点到两个 sink 节点的路由结合起来，建立基于路由锚点的联合节能路由，即先沿一条公共路径传输，到达路由锚点之后，再分别向两个 sink 节点分发。并且，路由锚点与费马点结合，利用费马点离三角形三个顶点距离之和最小的特征，这样使得源 sensor 节点通过路由锚点传递数据到 2 个 sink 节点的距离总和最短、能量开销最小，相比现有的路由方法，本发明能够降低传输逻辑距离，减少能量开销。 '),
(1010, '分段ARQ自动重传方法', '2011-11-14', '201110359962.2', ' ', NULL, 0, 1, '本发明提供一种既保证较低开销又能获得较高可靠率的 分段ARQ 自动重传方法 ，源节点到目的节点的传输路径被分为若干段，在传输数据报文时，普通中间节点仅转发数据报文；作为ARQ 节点的中间节点转发并缓存数据报文；ARQ 节点接收到数据报文时，对该数据报文进行确认，当存在数据报文 丢失、出错，则触发上一个ARQ 节点进行重传； ARQ 节点被触发进行重传时，在本地缓存中查找相应数据报文并向目的节点方向进行重传。传输路径中一部分中间节点只负责转发，不增加信道负载、节点能耗，另一部分中间节点除了转发数据报文外，还能够进行数据报文的确认与重传，兼顾传输可靠性。'),
(1011, '一种事件自适应的传感器节点', '2012-02-29', '201210049808.X', '  ', NULL, 0, 1, '本发明公开了事件自适应的传感器节点架构与节能休眠算法，适用于传感终端与通信模块独立设计的无线传感器网络节点，属于传感网络及物联网技术领域。所述事件自适应的无线传感器架构与节能休眠算法，包括：传感终端与通信模块独立设计的无线传感器网络节点架构；在该种架构上，基于传感终端的事业发生频率，对通信模块的休眠周期进行调整，在保证业务传输的基础上，降低能量消耗，提高节点生存时间。本发明实现了兼容不同传感终端的事件发生频率，自适应调整进行通信模块休眠时间的休眠策略，从而达到减少节点能量消耗、提高节点生存期的目的。'),
(1012, '基于忙音的无线自组织网介质访问控制层的广播方法', '2010-07-08', '201010221142.2', '   ', NULL, 0, 1, '本发明涉及基于忙音的无线自组织网MAC层的广播方法。该方法转发节点的转发过程分为准备转发过程和转发过程两个阶段，其特征在于，转发节点完成准备转发过程后进入转发过程，所述转发过程包括以下步骤：步骤1：转发节点在发送广播数据分组前，先发送广播请求发送分组，在发送广播请求发送分组的同时开启发送忙音, 发送忙音的覆盖距离大于广播数据分组的传输距离，收到发送忙音的邻居节点禁止发送广播请求发送分组，以减小广播请求发送分组冲突的概率。步骤2：邻居节点提取广播请求发送分组中的广播分组源地址和广播分组源序列号，判断是否已经接收过对应的广播数据分组。本发明的有益效果是：可以减少广播数据分组的传输，避免冗余分组。'),
(1013, '一种RFID阅读器的多标签识别方法', '2010-07-08', '201010221127.8', '  ', NULL, 0, 1, '本发明涉及一种RFID阅读器的多标签识别方法。包括以下步骤：步骤1：读写器向标签群发送检测命令，标签收到检测命令后随机从时隙 到时隙 的时隙序列中选择其中一个时隙编号，同时生成一个具有 个比特位的二进制数据作为标签的时隙序列。步骤2：读写器收到标签发送的时隙序列后，检测标签的时隙序列的比特位冲突。步骤3：读写器根据非空闲时隙编号表项将开始识别标签，读写器按照时隙编号从小到大的顺序，依次发送询问命令Query( )给标签群。本发明的有益效果是：本发明继承了二叉树算法识别率高的特点，在标签进行识别的过程中，结合了二叉树算法高识别精度和随机aloha算法快速识别的优势。'),
(1014, '一种用于自组织网络的抗干扰路由方法', '2011-06-29', '201110179093.5', '   ', NULL, 0, 1, '本发明属于移动通信技术领域，公开了一种用于自组织网络的抗干扰路由方法。本发明是针对受到强干扰源的自组织网络的无线信道而提出的。本发明方法中的源节点只有在需要与其它节点进行通信时才会去寻找一条路由，而不用一直维持到所有节点的路由表项。在转发数据包时可以根据各节点维持的其到周围邻居节点的链路质量值检测网络是否遭遇的强干扰，可以检测并自动的避开被强干扰源影响的路径，主动选择通信质量较好的路径进行数据包的转发。本发明设计的抗干扰路由方法可以很好的识别干扰源的变化并根据变化选择相应的路径。'),
(1015, '一种自组织网络的抗干扰通信控制方法', '2011-06-29', '201110179149.7', '  ', NULL, 0, 1, '本发明属于移动通信技术领域，公开了一种自组织网络的抗干扰通信控制方法。针对现有的自组织网络中单独的利用发送速率或发送功率控制通信节点通信质量的问题，本发明的方法引入了认知无线电的概念，把外界干扰源当作主用户处理，无线通信节点作为次用户通过调整其MAC层的发送功率和发送速率来适应自组织网络中的外界干扰，进而提高了整体网络的抗干扰能力和服务质量。具体包括：建立目标函数，利用检测外界干扰源的功率计算出信号干扰噪声比，利用初始化的可行点迭代求解最优解，无线通信节点根据最优解调整自身的发送功率和发送速率。'),
(1016, '无线信道访问控制方法', '2011-08-22', '201110241696.3', '  ', NULL, 0, 1, '本发明公开了一种无线信道访问控制方法，包括：步骤1：对网络中不同的接入类型进行优先级区分；步骤2：针对不同的优先级设置不同的分组重传概率，对不同优先级节点的发送概率进行动态求解；步骤3：根据求得的不同优先级信息的发送概率，在同一时隙里竞争发送数据。本发明的方法通过调整不同优先级节点的分组重传概率，可以动态得到不同优先级信息的发送概率，使具有更高发送概率的节点动态调整等待发送的时隙长度，进而有效地保证了重要信息具有更高的优先级，能够得到更快地投递，能够实现保证QoS基础上信道的最有效利用。'),
(1017, '基于信息相关性的车用无线自组织网安全信息的投递方法', '2011-09-15', '201110273153.X', '  ', NULL, 0, 1, '本发明将安全信息的影响时间、影响距离和影响车道作为相关性参数，设计一种基于信息相关性的VANET安全信息投递策略，减少冗余报文发送，降低报文碰撞。为了实现上述目的，本发明提供了一种技术方案：一种基于信息相关性的VANET安全信息投递策略，源节点在发送安全信息之前，将根据安全信息的类型设置剩余影响时间，影响距离和影响车道等相关性参数，转发节点接收到安全信息时将根据安全信息的相关性参数和邻居信息决定中继策略。'),
(1018, '一种频谱感知方法', '2011-08-19', '201110239174.X', '  ', NULL, 0, 1, '本发明公开了一种频谱感知方法，包括如下步骤：各次用户节点采用能量检测方式进行独立感知，获取本节点周边的频谱使用情况；各个次用户节点在两跳邻居范围内扩散最新的检测结果；计算各个次用户节点的本地感知信息和协同感知信息；根据主用户通信行为先验知识和协同感知信息得到判决门限并进行判决。本发明的频谱感知方法不需要专门指定汇聚节点或进行分簇运算，次用户节点的本地感知信息扩散被限制在其两跳范围之内，有效降低了分布式认知网络中的协同检测的复杂度和协同开销。'),
(1019, '基于业务的分布式多径路由修复方法', '2012-03-16', '201210070122.9', '  ', NULL, 0, 1, '本发明公开了一种分布式多径路由修复方法，包括步骤：收到RRER报文的节点发起路由查找；中间节点判断收到的RREQ报文；中间节点转发带链路参数的RREQ报文；目的节点对带参数RREQ报文进行路径选择；目的节点回送RREP报文，建立修复路由。本发明的方法针对Ad hoc网络中不同链路的传输特征并结合承载业务的QoS需求，在多条可选修复路径中，选择既能满足承载业务QoS需求，同时具有最小修复开销的多条传输路径实现网络修复，有效提升了修复收益和已修复网络的抗毁性。'),
(1020, '一种用于异构无线网络的多业务并发接入系统及接入方法', '2011-12-09', '201110408339.1', '  ', NULL, 0, 1, '本发明公开了一种用于异构无线网络的多业务并发接入系统及接入方法，所述接入系统包括多模用户端、异构无线网络和无线资源管理节点，其中，多模用户端包括并发接入控制模块，用于业务接入申请和业务接入控制；异构无线网络包括SCA_A模块，用于完成网络监测，同时与所述的无线资源管理节点进行交互；无线资源管理节点用于异构无线网络的资源监控和执行并行网络接入决策。本发明的系统和方法通过SCA_C模块、SCA_A模块以及SCA_S模块进行交互，在多个网络同时覆盖的范围内，在进行用户多业务并发接入时，综合网络资源状况、业务友好度、网络费用、业务查询报文信息，选择最佳网络，保证业务质量，达到资源的最大利用。'),
(1021, '无线传感器网络及其编址、寻址方法', '2011-03-30', '201110078465.5', '   ', NULL, 0, 1, '本发明涉及一种无线传感器网络及其编址、寻址方法，用于多sink节点的无线传感器网络及其编址、寻址方法，上述无线传感器网络包括传感节点、sink节点以及标签服务器，上述标签服务器用于生成标签表和地址映射表，并将sink节点的信息记录到地址映射表中，或者在地址映射表中查找符合条件的sink节点；上述sink节点用于用标签标记收到的业务数据并存储；并在收到查询请求后，将查询条件发送给上述标签服务器，以及收到的地址信息访问相应的sink节点并获取预查询数据，将获取到的数据返回给用户。本发明实现了WSN基于内容和/或位置寻址，提高了用户体验。'),
(1022, '面向传感业务应用的无线传感器网络的编址和寻址方法', '2011-10-19', '201110318041.1', '  ', NULL, 0, 1, '本发明涉及面向传感业务应用的无线传感器网络的编址方法，包括如下步骤：步骤A.传感器节点向sink节点上传传感数据；步骤B.sink节点对上传的传感数据进行处理形成一个或多个传感业务应用并将该传感业务应用存储到sink节点上；步骤C.为上述传感业务应用分配IP地址。本发明的有益效果是：本申请的编址寻址方式更为符合传感器网络面向数据的这一网络特点。同时，通过对传感业务应用进行IP地址配置，用户可以通过访问Internet直接获得由WSN提供的传感业务应用，因此有利于WSN的推广与普及。'),
(1023, '一种无线终端动态接入方法', '2011-10-10', '201110303905.2', '  ', NULL, 0, 1, '本发明公开了一种无线终端动态接入方法。本发明的方法通过设定无线终端接入网络的接入概率阀值和最大延迟时间，在最大延迟时间内，移动终端动态寻找距离此无线终端跳数最少，并且满足接入条件的接入点，若能找到，则建立所述无线终端到接入点的连接，这样就可以在无线终端移动的过程中找到最短的路径接入网络，链路开销比较小；若不能在最大延迟时间内找到满足条件的接入点，则在最大延迟时间那个时刻建立所述无线终端到接入点的连接，由于在整个最大延迟接入时间内没有找到符合条件的接入点，这样在整个最大延迟时间内都不会建立连接，使得网络在相对比较长的一段时间内避免网络拥塞。'),
(1024, '多跳网络的端到端匿名安全通信方法', '2011-03-23', '201110071030.8', ' ', NULL, 0, 1, '本发明涉及多跳网络的端到端匿名安全通信方法，包括步骤：步骤1：匿名路由的初始化；步骤2：匿名安全通信的通道建立；步骤3：匿名安全通信的进行：匿名安全通信的通道建立后，源节点和目的节点交替循环进行匿名安全通信，所述源节点在每次匿名安全通信前交替更新临时地址和公钥，而目的节点在每次匿名安全通信前改变公钥但在整个通信过程中不改变临时地址。本发明的有益效果：不需要用权威节点对中间节点的安全性能进行认证，也不需不断更新地址和公私钥，不仅保证了通信的安全性，而且提高了效率。'),
(1025, '适用于大规模移动对等网络的高效地址分配方法', '2011-03-23', '200510029485.8', '   ', NULL, 0, 1, '一种适用于大规模移动对等网络的高效地址分配方法，属于网络技术移动对 等网络领域。本发明基于概率选择一个节点作为地址分配的起点，并为该节点配 置地址，赋予元地址资源，未配置地址的节点则周期地向相邻节点发送地址请求， 收到地址请求的节点，如果拥有元地址资源，则通过一个局部的决策过程决定向 发出请求节点分发元地址，收到元地址的节点，如果尚未配置地址，则为自己配 置地址，需要离开网络的节点可以将自己的地址作为元地址转交给任何一个相邻 节点，从而实现地址回收。本发明能适应不同节点密度和节点移动性的大规模网 络，复杂度低，通信开销低，延迟低，且地址编码极其经济。'),
(1026, '网络的按需时间同步方法', '2010-11-24', '201010557701.7', '  ', NULL, 0, 1, '本发明涉及网络的按需时间同步方法，包括如下步骤：步骤1.按需计算本地节点与邻居节点时钟差异：每个本地节点维护独立的本地时钟步进节奏，仅当与邻居节点间没有同步且存在通信时，才需要计算与该邻居节点之间的时钟差异；步骤2.本地节点与邻居节点之间的时钟同步。本发明的有益效果是：本发明的方法能适应不同网络拓扑架构和动态性差异，实现复杂度低，完全分布式计算，通信开销少。'),
(1027, '一种新型核心树自组织动态路由算法', '2004-01-14', 'CN200410021667.6', 'ZL200410021667.6', '2007-10-31', 0, 1, '本发明公开了一种新型核心树自组织动态路由算法，它包括核心树的生成过程、核心树的动态维护过程和基于核心树的路由选择过程，根据源节点与目的节点的相对级别关系，把传输路径分成两个方向——下行的已知目的地址方向和上行的未知目的地址方向，从而实现核心树的路由选择；通过适应节点移动等情况引起的通信拓扑结构变化，局部重构核心树，实现核心树动态维护。采用本发明的方法，可以将无线自组织网络构造成一个树形拓扑结构，并在该树形结构上实现路由选择和通信。本发明的方法简单有效，构成的网络稳定可靠，方法切实可行。'),
(1028, '一种IPv4/IPv6转换网关以及转换方法', '2011-07-21', '201110204906.1', '  ', NULL, 0, 1, '本发明属于计算机网络通信技术领域，公开了一种IPv4/IPv6转换网关以及转换方法。本发明的转换网关包括：调度模块、收发数据包模块、IPv4/IPv6地址映射模块、地址转换模块和协议转换模块，其根据设定的地址映射表实现IPv4地址与IPv6地址的相互转换，不需要保持大量的转换状态，降低了复杂度，能够为IPv4和IPv6网络的所有主机提供全功能的服务。本发明的方法只需要在IPv4网络与IPv6网络之间安装一个无状态转换网关，采用转换网关以后并没有改变两种网络的架构，由于它不转发一般帧，所以两种网络的冲突域与广播域也是基本隔离的，对两种网络的影响很小。'),
(1029, '一种高抗毁性的分布式用户网间移动管理方法', '2004-01-08', '200410021623.3', 'ZL200410021623.3', '2007-08-15', 0, 1, '本发明公开了一种高抗毁性的分布式用户网间移动管理方法，它是采用在现有的管理实体上通过对管理的机制的改变从而实现用户的位置更新和查询方法的改变。本发明的家乡代理可以根据网络的状况和实际使用情况自动生长和同步，可以完成用户的分布式用户登记和查询。利用现有的无线接入网如802.11网，采用本发明的方法通过对管理实体的软件编程就可以构成一个高抗毁性和可靠性通信网络，实现在一些紧急场合(例如在发生地震、大范围的自然灾害以及军事应用等情况下)的通信需要。'),
(1030, '一种通用的无线传感器网络系统及其信息处理方法', '2010-09-29', '201010503835', '  ', NULL, 0, 1, '本发明公开了通用无线传感器网络系统及其信息处理方法，属于传感网络及物联网技术领域，所述通用的无线传感器网络系统，包括：由传感器节点组成的一个或多个传感器子网；由信息汇聚节点组成的信息汇聚网，其中，所述每一信息汇聚节点用于接入一个或多个相同或不同的传感器节点，获取传感器节点的传感信息；由接入汇聚节点组成的传感接入网，其中，每一接入汇聚节点用于接入一个或多个信息汇聚节点，获取信息汇聚节点的信息。本发明实现了组网方式的统一，达到兼容多种传感器网络的效果，可在任何一种或多种传感器网络环境下应用，尤其适合类似物联网的大规模异构传感网的综合应用场景。'),
(1031, '一种基于分级重心估计的二维超声形变组织图像跟踪方法 ', '2011-09-17', '201010284626.1', '  ', NULL, 0, 1, '本发明公开了一种基于分级重心估计的二维超声形变组织图像跟踪方法，是把某帧图像的兴趣ROI分为16级子区域，分别求出各个子区域的重心；并通过遍历搜索区域，以各个子区域重心位置相似差最小化为标准，求得下一帧图像ROI新位置可能的16个位置；再根据SAD方法，选择一个与上一帧图像ROI差别最小的作为斑点跟踪的结果。本发明能够有效降低传统手动跟踪计算斑点位置的工作量，提高处理的实际和数据处理的重复性，同时，相比传统SAD斑点跟踪方法，本发明通过多区域重心估计匹配的方法，特别有利于形变组织的跟踪。'),
(1032, '基于多邻域辅助二维超声形变组织图像跟踪方法及装置', '2011-09-17', '201110164583.8', '  ', NULL, 0, 1, '本发明设计一种基于多邻域辅助二维超声形变组织图像跟踪方法，该方法首先在高帧频条件下采集受试心脏对象的二维超声心动图用于脱机分析；然后以任意可见图像作为兴趣区域（ROI）选取的初始帧，使ROI包括心肌组织，并同时排除灰度信号干扰；当在原始图像I上的初始帧ROI选取完毕后，设定以原ROI为中心，连同包裹其四周的8个同大小区域作为新的搜索源区域，并通过SAD算法遍历此搜索区域中所有大小为原ROI大小的所有子区域的跟踪矢量，最后将各个跟踪矢量进行加权平均，即得到原ROI的跟踪结果。相比传统SAD跟踪方法，本发明充分考虑了ROI邻域的跟踪结果，具有良好的抗噪性，特别有利于运动组织的运动评估和参数计算。'),
(1033, '基于心肌运动轨迹的向量环图生成方法和装置 ', '2011-06-17', '201110163626', '  ', NULL, 0, 1, '本发明本公开了一种基于心肌运动轨迹的向量环图生成方法和装置，利用该方法生成的向量环可以用于心肌功能评价。本发明的方法利用斑点跟踪算法，对兴趣区域运动关键点进行捕获，生成运动轨迹向量环。该向量环具有极强的在时间轴上的直观性，通过直观同步显示心肌运动轨迹向量环规律，让医师能够一眼就能判别兴趣区域是否可能存在病变。');

-- --------------------------------------------------------

--
-- 表的结构 `tbl_patent_people`
--

CREATE TABLE IF NOT EXISTS `tbl_patent_people` (
  `patent_id` int(11) NOT NULL,
  `people_id` int(11) NOT NULL,
  `seq` int(11) NOT NULL,
  PRIMARY KEY (`patent_id`,`people_id`),
  KEY `tbl_patent_people_ibfk_2` (`people_id`)
) ENGINE=InnoDB DEFAULT CHARSET=utf8 COLLATE=utf8_bin;

--
-- 转存表中的数据 `tbl_patent_people`
--

INSERT INTO `tbl_patent_people` (`patent_id`, `people_id`, `seq`) VALUES
(1005, 48, 1),
(1005, 49, 2),
(1006, 48, 1),
(1006, 50, 2),
(1006, 51, 3),
(1006, 52, 4),
(1006, 53, 5),
(1007, 48, 1),
(1007, 54, 2),
(1007, 55, 3),
(1008, 56, 1),
(1008, 57, 2),
(1009, 49, 2),
(1009, 55, 4),
(1009, 58, 1),
(1009, 59, 3),
(1009, 60, 5),
(1010, 49, 2),
(1010, 55, 3),
(1010, 58, 1),
(1010, 60, 4),
(1011, 55, 4),
(1011, 58, 1),
(1011, 60, 3),
(1011, 61, 2),
(1012, 55, 4),
(1012, 60, 1),
(1012, 62, 2),
(1012, 63, 3),
(1013, 55, 5),
(1013, 60, 1),
(1013, 64, 2),
(1013, 65, 3),
(1013, 66, 4),
(1014, 48, 3),
(1014, 60, 1),
(1014, 64, 2),
(1014, 67, 4),
(1015, 48, 3),
(1015, 60, 1),
(1015, 68, 2),
(1015, 69, 4),
(1016, 60, 1),
(1016, 70, 2),
(1016, 71, 3),
(1016, 72, 4),
(1017, 60, 1),
(1017, 66, 4),
(1017, 71, 3),
(1017, 73, 2),
(1018, 55, 3),
(1018, 60, 4),
(1018, 74, 1),
(1018, 75, 2),
(1019, 55, 3),
(1019, 60, 4),
(1019, 67, 2),
(1019, 74, 1),
(1020, 56, 4),
(1020, 60, 3),
(1020, 76, 1),
(1020, 77, 2),
(1021, 55, 3),
(1021, 59, 2),
(1021, 63, 1),
(1022, 63, 1),
(1022, 78, 2),
(1023, 55, 3),
(1023, 60, 4),
(1023, 63, 1),
(1023, 79, 2),
(1024, 63, 1),
(1024, 78, 2),
(1025, 63, 1),
(1025, 80, 2),
(1026, 55, 2),
(1026, 60, 3),
(1026, 63, 1),
(1027, 55, 1),
(1027, 66, 3),
(1027, 81, 2),
(1027, 82, 4),
(1027, 83, 5),
(1028, 55, 1),
(1028, 63, 2),
(1028, 84, 3),
(1028, 85, 4),
(1029, 55, 3),
(1029, 81, 2),
(1029, 86, 1),
(1029, 87, 4),
(1029, 88, 5),
(1030, 55, 3),
(1030, 59, 1),
(1030, 60, 2),
(1030, 89, 4),
(1030, 90, 5),
(1031, 51, 1),
(1031, 91, 2),
(1032, 51, 1),
(1032, 91, 2),
(1033, 51, 1),
(1033, 91, 2);

-- --------------------------------------------------------

--
-- 表的结构 `tbl_people`
--

CREATE TABLE IF NOT EXISTS `tbl_people` (
  `id` int(11) NOT NULL AUTO_INCREMENT,
  `name` varchar(255) COLLATE utf8_bin NOT NULL,
  PRIMARY KEY (`id`)
) ENGINE=InnoDB  DEFAULT CHARSET=utf8 COLLATE=utf8_bin AUTO_INCREMENT=196 ;

--
-- 转存表中的数据 `tbl_people`
--

INSERT INTO `tbl_people` (`id`, `name`) VALUES
(48, '于秦'),
(49, '李唯乔'),
(50, '李定伟'),
(51, '蒋体钢'),
(52, '赵一甲'),
(53, '曹洁'),
(54, '庄奕群'),
(55, '毛玉明'),
(56, '黄晓燕'),
(57, '申如意'),
(58, '韦云凯'),
(59, '刘强'),
(60, '冷甦鹏'),
(61, '董晓俊'),
(62, '刘科'),
(63, '李龙江'),
(64, '叶景超'),
(65, '杨坤'),
(66, '段景山'),
(67, '赵全鑫'),
(68, '王永鑫'),
(69, '王翔'),
(70, '刘畅玥'),
(71, '邵彩幸'),
(72, '方飞'),
(73, '黄龙娇'),
(74, '张科'),
(75, '李维昌'),
(76, '吴凡'),
(77, '吴小波'),
(78, '怀楚凡'),
(79, '袁银霞'),
(80, '许晓鸣'),
(81, '郭伟'),
(82, '杨宁'),
(83, '吕灵'),
(84, '吕浩'),
(85, '刘婷'),
(86, '田永春'),
(87, '余敬东'),
(88, '苏俭'),
(89, '宋建全'),
(90, '杨光'),
(91, '尹立雪'),
(92, '毛建兵'),
(93, '白翔'),
(94, '谢军'),
(95, '包静'),
(96, '王东伟'),
(97, '秦志光'),
(98, '虞爵邦'),
(99, '王太军'),
(100, '马立香'),
(101, '雷维礼'),
(102, '柯敏'),
(103, '周立'),
(104, '王璇'),
(105, '周雯'),
(106, '汪庆'),
(107, '饶渐升'),
(108, '刘津'),
(109, '陈睿'),
(110, '李勇'),
(111, '杨晨炜'),
(112, '姚胜'),
(113, '周坚'),
(114, '马长青'),
(115, '李鹤松'),
(116, '杨建军'),
(117, '孙健'),
(118, '蔡云泽'),
(119, '李永刚'),
(120, '黄晓红'),
(121, 'Honggang Wang'),
(122, 'Yan Zhang'),
(123, 'Supeng Leng'),
(124, 'Thanos Vasilakos'),
(125, 'Wei Wang'),
(126, '李维乔'),
(127, '王东旭'),
(128, '安宁'),
(129, '刘佳'),
(130, '万静'),
(131, '吴晶晶'),
(132, '秦泗明'),
(133, '张磊'),
(134, '唐宠'),
(135, '熊小林'),
(136, '延冬'),
(137, '王少华'),
(138, '赵雨'),
(139, '张文学'),
(140, '曾鸣'),
(141, '裴科'),
(142, '尹杰晨'),
(143, '刘洋'),
(144, '卜艳丽'),
(145, '秦博'),
(146, '王会磊'),
(147, '马文军'),
(148, '李雷敏'),
(149, '徐良'),
(150, '王奇佳'),
(151, '邱畅啸'),
(152, '陈飞'),
(153, '卢占一'),
(154, '赵政'),
(155, '罗翔'),
(156, '李学勇'),
(157, '吕君伟'),
(158, '王丰'),
(159, '张民超'),
(160, '姜余'),
(161, '曹剑'),
(162, '梁丹'),
(163, '王全理'),
(164, '何鹏'),
(165, '代沆'),
(166, '杨波'),
(167, '张慧鹏'),
(168, '童亮'),
(169, '李貌'),
(170, '付锦华'),
(171, '秦嵩'),
(172, '林美君'),
(173, '廖晋'),
(174, '岳鹏'),
(175, '杨邻瑞'),
(176, '唐玏'),
(177, '阙太富'),
(178, '王军'),
(179, '岳光荣'),
(180, '唐万斌'),
(181, '冯钢'),
(182, '张翼德'),
(183, '秦爽'),
(184, '梁靓'),
(185, '王奕杰'),
(186, '陈扬'),
(187, '王强'),
(188, '袁勤'),
(189, '沈兴亚'),
(190, '周亮'),
(191, '林水生'),
(192, '阎波'),
(193, '李广军'),
(194, '邓俊波'),
(195, '邓凯');

-- --------------------------------------------------------

--
-- 表的结构 `tbl_project`
--

CREATE TABLE IF NOT EXISTS `tbl_project` (
  `id` int(11) NOT NULL AUTO_INCREMENT,
  `name` varchar(255) COLLATE utf8_bin DEFAULT NULL,
  `number` varchar(255) COLLATE utf8_bin DEFAULT NULL,
  `fund_number` varchar(255) COLLATE utf8_bin DEFAULT NULL,
  `is_intl` tinyint(1) DEFAULT NULL,
  `is_national` tinyint(1) DEFAULT NULL,
  `is_provincial` tinyint(1) DEFAULT NULL,
  `is_city` tinyint(1) DEFAULT NULL,
  `is_school` tinyint(1) DEFAULT NULL,
  `is_enterprise` tinyint(1) DEFAULT NULL,
  `is_NSF` tinyint(1) DEFAULT NULL,
  `is_973` tinyint(1) DEFAULT NULL,
  `is_863` tinyint(1) DEFAULT NULL,
  `is_NKTRD` tinyint(1) DEFAULT NULL,
  `is_DFME` tinyint(1) DEFAULT NULL,
  `is_major` tinyint(1) DEFAULT NULL,
  `start_date` date DEFAULT NULL,
  `deadline_date` date DEFAULT NULL,
  `conclude_date` date DEFAULT NULL,
  `app_date` date DEFAULT NULL,
  `pass_date` date DEFAULT NULL,
  `app_fund` decimal(15,2) DEFAULT NULL,
  `pass_fund` decimal(15,2) DEFAULT NULL,
  PRIMARY KEY (`id`)
) ENGINE=InnoDB  DEFAULT CHARSET=utf8 COLLATE=utf8_bin AUTO_INCREMENT=140 ;

--
-- 转存表中的数据 `tbl_project`
--

INSERT INTO `tbl_project` (`id`, `name`, `number`, `fund_number`, `is_intl`, `is_national`, `is_provincial`, `is_city`, `is_school`, `is_enterprise`, `is_NSF`, `is_973`, `is_863`, `is_NKTRD`, `is_DFME`, `is_major`, `start_date`, `deadline_date`, `conclude_date`, `app_date`, `pass_date`, `app_fund`, `pass_fund`) VALUES
(116, '基于分层结构的无线Mesh网络关键技术研究', '20080431278', NULL, 0, 0, 1, 0, 0, 0, 0, 0, 0, 0, 1, 0, '2008-08-01', '2010-06-01', '2010-06-01', NULL, NULL, NULL, '30000.00'),
(117, '基于元胞自动机的无线传感网络拓扑控制关键技术研究', 'ZYGX2011J005', NULL, 0, 0, 0, 0, 1, 0, 0, 0, 0, 0, 0, 0, '2011-07-01', '2013-06-01', '2013-06-01', NULL, NULL, NULL, '80000.00'),
(118, '异构无线网络的无线资源管理关键技术研究', 'Y02006023601114', NULL, 0, 0, 0, 0, 1, 0, 0, 0, 0, 0, 0, 0, '2011-01-01', '2013-01-01', '2013-01-01', NULL, NULL, NULL, '5000.00'),
(119, '新一代宽带无线网络信道资源管理技术研究', 'NCET-10-0294', NULL, 0, 0, 1, 0, 0, 0, 0, 0, 0, 0, 0, 0, '2011-01-01', '2013-12-01', '2013-12-01', NULL, NULL, NULL, '500000.00'),
(120, '超高速无线局域网无线接口关键技术研究与验证', '2010ZX03005-001', NULL, 0, 1, 0, 0, 0, 0, 0, 0, 0, 0, 0, 1, '2010-01-01', '2012-12-01', '2012-12-01', NULL, NULL, NULL, '440400.00'),
(121, '无线Mesh网络关键技术研究', 'L08010101JX05002', NULL, 0, 0, 0, 0, 1, 0, 0, 0, 0, 0, 0, 0, '2005-10-01', '2008-07-01', '2008-07-01', NULL, NULL, NULL, '20000.00'),
(122, '基于IPv6的工业WSN组网与节能MAC技术', 'H04010101W0110119', NULL, 0, 0, 0, 0, 0, 1, 0, 0, 0, 0, 0, 0, '2010-04-01', '2010-10-01', '2010-10-01', NULL, NULL, NULL, '225000.00'),
(123, '龙门山地震带小流域滑坡泥石流灾害监测预警技术研究与示范', '2011BAK12B02', NULL, 0, 1, 0, 0, 0, 0, 0, 0, 0, 1, 0, 0, '2011-04-01', '2015-03-01', '2015-03-01', NULL, NULL, NULL, '1260000.00'),
(124, '车用无线自组织网络安全告警信息传输策略研究', '60802024', NULL, 0, 1, 0, 0, 0, 0, 1, 0, 0, 0, 0, 0, '2009-01-01', '2011-12-31', '2011-12-31', NULL, NULL, NULL, '180000.00'),
(125, '超高速无线局域网无线接口关键技术研究与验证', '2010ZX03005-001-01', NULL, 0, 1, 0, 0, 0, 0, 0, 0, 0, 0, 0, 1, '2010-01-01', '2012-12-31', '2012-12-31', NULL, NULL, NULL, '440400.00'),
(126, 'XX抗干扰模型研究', '9140C0203010904', NULL, 0, 0, 1, 0, 0, 0, 0, 0, 0, 0, 0, 0, '2009-05-01', '2011-04-30', '2011-04-30', NULL, NULL, NULL, '200000.00'),
(127, '车用无线自织网交通安全告警信息传输策略研究', '200806141014', NULL, 0, 0, 1, 0, 0, 0, 0, 0, 0, 0, 1, 0, '2009-01-01', '2011-12-31', '2011-12-31', NULL, NULL, NULL, '36000.00'),
(128, '新世纪优秀人才支持计划项目', 'NCET-10-0294', NULL, 0, 0, 1, 0, 0, 0, 0, 0, 0, 0, 0, 0, '2011-01-01', '2013-12-31', '2013-12-31', NULL, NULL, NULL, '500000.00'),
(129, '先进传感器网络技术的研究', 'ZX10001', NULL, 0, 0, 0, 0, 0, 1, 0, 0, 0, 0, 0, 0, '2009-12-01', '2011-12-31', '2011-12-31', NULL, NULL, NULL, '200000.00'),
(130, '混合式动态频谱资源共享宽带无线通信协议的设计与实现', '2009AA011801', NULL, 0, 1, 0, 0, 0, 0, 0, 0, 1, 0, 0, 0, '2009-04-01', '2011-06-30', '2011-06-30', NULL, NULL, NULL, '2000000.00'),
(131, '基于认知无线电的通信抗干扰理论与技术', '60832007', NULL, 0, 1, 0, 0, 0, 0, 1, 0, 0, 0, 0, 0, '2009-01-01', '2012-12-31', '2012-12-31', NULL, NULL, NULL, '250000.00'),
(132, '跳频体制下Ad Hoc组网技术研究', '9140C0203020804', NULL, 0, 1, 0, 0, 0, 0, 0, 0, 0, 0, 0, 0, '2008-01-01', '2009-12-01', '2009-12-01', NULL, NULL, NULL, '150000.00'),
(133, '宽带无线校园创新实验网体系架构与关键技术研究', '2010ZX03005-003', NULL, 0, 1, 0, 0, 0, 0, 0, 0, 0, 0, 0, 1, '2010-01-01', '2012-06-01', '2012-06-01', NULL, NULL, NULL, '462346.00'),
(134, '全IP宽带移动网络架构及关键技术研究', '2009ZX03004-002-02', NULL, 0, 1, 0, 0, 0, 0, 0, 0, 0, 0, 0, 1, '2009-01-01', '2010-12-01', '2010-12-01', NULL, NULL, NULL, '300000.00'),
(135, '传感器网络总体研究及仿真平台', '2008ZX03006-001', NULL, 0, 1, 0, 0, 0, 0, 0, 0, 0, 0, 0, 1, '2008-11-01', '2010-12-01', '2010-12-01', NULL, NULL, NULL, '150000.00'),
(136, '滑坡泥石流灾害监测预警技术集成与应用示范', '2011BAK12B02-6', NULL, 0, 1, 0, 0, 0, 0, 0, 0, 0, 1, 0, 0, '2010-04-01', '2015-03-01', '2015-03-01', NULL, NULL, NULL, '675000.00'),
(137, '无线局域网与蜂窝移动通信网络融合技术研究与验证', '2010ZX03005-002', NULL, 0, 1, 0, 0, 0, 0, 0, 0, 0, 0, 0, 1, '2010-01-01', '2011-12-30', '2011-12-30', NULL, NULL, NULL, '320000.00'),
(138, '基于多信道分配的认知网络信道分配策略研究', '61001083', NULL, 0, 1, 0, 0, 0, 0, 1, 0, 0, 0, 0, 0, '2011-01-01', '2013-12-30', '2013-12-30', NULL, NULL, NULL, '200000.00'),
(139, '动态开闭多天线认知无线电网多媒体业务资源分配策略研究', 'ZYGX2011J008', NULL, 0, 0, 0, 0, 1, 0, 0, 0, 0, 0, 0, 0, '2012-01-01', '2013-12-30', '2013-12-30', NULL, NULL, NULL, '70000.00');

-- --------------------------------------------------------

--
-- 表的结构 `tbl_project_people_execute`
--

CREATE TABLE IF NOT EXISTS `tbl_project_people_execute` (
  `project_id` int(11) NOT NULL,
  `people_id` int(11) NOT NULL,
  `seq` int(11) NOT NULL,
  PRIMARY KEY (`project_id`,`people_id`),
  KEY `tbl_paper_people_execute_ibfk_2` (`people_id`)
) ENGINE=InnoDB DEFAULT CHARSET=utf8 COLLATE=utf8_bin;

--
-- 转存表中的数据 `tbl_project_people_execute`
--

INSERT INTO `tbl_project_people_execute` (`project_id`, `people_id`, `seq`) VALUES
(116, 48, 1),
(117, 48, 1),
(118, 48, 1),
(119, 60, 1),
(120, 60, 1),
(120, 66, 2),
(121, 58, 1),
(121, 74, 4),
(121, 76, 3),
(121, 116, 2),
(122, 54, 6),
(122, 55, 1),
(122, 58, 3),
(122, 59, 4),
(122, 60, 2),
(122, 63, 5),
(122, 129, 7),
(122, 130, 8),
(123, 49, 11),
(123, 55, 2),
(123, 58, 3),
(123, 59, 4),
(123, 60, 1),
(123, 61, 10),
(123, 63, 8),
(123, 74, 6),
(123, 82, 5),
(123, 100, 7),
(123, 127, 14),
(123, 131, 9),
(123, 132, 12),
(123, 133, 13),
(123, 134, 15),
(123, 135, 16),
(123, 136, 17),
(123, 137, 18),
(123, 138, 19),
(123, 139, 20),
(124, 60, 1),
(124, 62, 6),
(124, 70, 7),
(124, 71, 2),
(124, 73, 5),
(124, 106, 3),
(124, 140, 4),
(124, 141, 8),
(125, 55, 4),
(125, 56, 3),
(125, 60, 1),
(125, 71, 6),
(125, 72, 8),
(125, 76, 2),
(125, 140, 7),
(125, 142, 5),
(125, 143, 9),
(125, 144, 10),
(125, 145, 11),
(125, 146, 12),
(125, 147, 13),
(125, 148, 14),
(125, 149, 15),
(126, 48, 2),
(126, 55, 4),
(126, 60, 1),
(126, 64, 5),
(126, 67, 9),
(126, 68, 6),
(126, 74, 3),
(126, 108, 7),
(126, 109, 8),
(126, 150, 10),
(127, 60, 1),
(127, 62, 6),
(127, 70, 7),
(127, 71, 2),
(127, 73, 5),
(127, 106, 3),
(127, 140, 4),
(127, 141, 8),
(128, 56, 3),
(128, 60, 1),
(128, 71, 7),
(128, 72, 9),
(128, 74, 4),
(128, 76, 2),
(128, 116, 5),
(128, 140, 8),
(128, 142, 6),
(128, 150, 10),
(128, 151, 11),
(129, 54, 6),
(129, 55, 5),
(129, 58, 3),
(129, 59, 1),
(129, 60, 4),
(129, 63, 2),
(129, 152, 7),
(130, 51, 9),
(130, 55, 2),
(130, 56, 6),
(130, 58, 8),
(130, 60, 1),
(130, 66, 4),
(130, 71, 13),
(130, 74, 5),
(130, 76, 3),
(130, 82, 11),
(130, 100, 10),
(130, 116, 7),
(130, 142, 12),
(130, 153, 14),
(130, 154, 15),
(130, 155, 16),
(130, 156, 17),
(130, 157, 18),
(130, 158, 19),
(130, 159, 20),
(131, 51, 4),
(131, 55, 1),
(131, 60, 2),
(131, 67, 5),
(131, 74, 3),
(132, 55, 1),
(132, 60, 2),
(132, 107, 3),
(133, 48, 3),
(133, 50, 8),
(133, 51, 2),
(133, 52, 7),
(133, 53, 9),
(133, 55, 1),
(133, 60, 4),
(133, 82, 5),
(133, 100, 6),
(134, 55, 1),
(134, 60, 4),
(134, 63, 2),
(134, 66, 5),
(134, 100, 3),
(135, 54, 7),
(135, 55, 3),
(135, 58, 2),
(135, 59, 1),
(135, 60, 4),
(135, 63, 5),
(135, 129, 8),
(135, 130, 9),
(135, 142, 10),
(135, 160, 6),
(136, 49, 11),
(136, 54, 8),
(136, 55, 4),
(136, 58, 2),
(136, 59, 1),
(136, 60, 3),
(136, 61, 10),
(136, 66, 6),
(136, 74, 5),
(136, 82, 7),
(136, 127, 14),
(136, 131, 9),
(136, 132, 12),
(136, 133, 13),
(137, 55, 5),
(137, 56, 3),
(137, 60, 1),
(137, 76, 2),
(137, 77, 6),
(137, 116, 4),
(137, 158, 9),
(137, 161, 7),
(137, 162, 8),
(137, 163, 10),
(137, 164, 11),
(138, 51, 1),
(138, 59, 2),
(138, 116, 3),
(138, 127, 6),
(138, 145, 5),
(138, 159, 4),
(139, 51, 1),
(139, 59, 2),
(139, 116, 3),
(139, 127, 6),
(139, 145, 5),
(139, 159, 4);

-- --------------------------------------------------------

--
-- 表的结构 `tbl_project_people_liability`
--

CREATE TABLE IF NOT EXISTS `tbl_project_people_liability` (
  `project_id` int(11) NOT NULL,
  `people_id` int(11) NOT NULL,
  `seq` int(11) NOT NULL,
  PRIMARY KEY (`project_id`,`people_id`),
  KEY `tbl_paper_people_liability_ibfk_2` (`people_id`)
) ENGINE=InnoDB DEFAULT CHARSET=utf8 COLLATE=utf8_bin;

--
-- 转存表中的数据 `tbl_project_people_liability`
--

INSERT INTO `tbl_project_people_liability` (`project_id`, `people_id`, `seq`) VALUES
(116, 48, 1),
(117, 48, 1),
(117, 60, 2),
(117, 74, 4),
(117, 76, 3),
(117, 140, 5),
(117, 142, 6),
(118, 48, 1),
(119, 48, 2),
(119, 60, 1),
(120, 58, 1),
(120, 74, 4),
(120, 76, 3),
(120, 116, 2),
(121, 54, 7),
(121, 55, 6),
(121, 58, 1),
(121, 59, 2),
(121, 60, 5),
(121, 63, 3),
(121, 100, 4),
(121, 129, 8),
(121, 130, 9),
(121, 165, 10),
(122, 48, 4),
(122, 56, 7),
(122, 58, 1),
(122, 60, 2),
(122, 71, 8),
(122, 74, 6),
(122, 76, 5),
(122, 78, 14),
(122, 82, 3),
(122, 140, 9),
(122, 166, 10),
(122, 167, 11),
(122, 168, 12),
(122, 169, 13),
(122, 170, 15),
(122, 171, 16),
(122, 172, 17),
(123, 55, 2),
(123, 58, 8),
(123, 60, 1),
(123, 62, 11),
(123, 66, 3),
(123, 71, 13),
(123, 74, 6),
(123, 76, 5),
(123, 92, 9),
(123, 106, 12),
(123, 107, 4),
(123, 116, 7),
(123, 173, 10),
(124, 48, 3),
(124, 50, 14),
(124, 55, 7),
(124, 56, 4),
(124, 60, 1),
(124, 66, 2),
(124, 67, 12),
(124, 69, 13),
(124, 71, 9),
(124, 72, 8),
(124, 76, 5),
(124, 116, 6),
(124, 140, 11),
(124, 142, 10),
(125, 55, 2),
(125, 56, 6),
(125, 60, 1),
(125, 62, 8),
(125, 63, 3),
(125, 65, 9),
(125, 74, 5),
(125, 76, 4),
(125, 92, 7),
(125, 114, 10),
(125, 174, 11),
(126, 55, 2),
(126, 56, 7),
(126, 58, 6),
(126, 60, 1),
(126, 63, 3),
(126, 76, 5),
(126, 82, 4),
(126, 108, 10),
(126, 109, 9),
(126, 173, 8),
(127, 48, 2),
(127, 52, 16),
(127, 56, 4),
(127, 58, 9),
(127, 59, 5),
(127, 60, 1),
(127, 61, 13),
(127, 66, 3),
(127, 71, 10),
(127, 74, 7),
(127, 76, 8),
(127, 77, 15),
(127, 116, 6),
(127, 140, 12),
(127, 142, 11),
(127, 161, 14),
(128, 54, 8),
(128, 55, 5),
(128, 58, 4),
(128, 59, 2),
(128, 60, 1),
(128, 63, 3),
(128, 129, 11),
(128, 152, 7),
(128, 156, 9),
(128, 160, 6),
(128, 175, 10),
(129, 55, 1),
(129, 59, 4),
(129, 60, 2),
(129, 82, 3),
(129, 92, 6),
(129, 95, 8),
(129, 111, 7),
(129, 116, 5),
(129, 176, 9),
(129, 177, 10),
(130, 55, 1),
(130, 58, 10),
(130, 59, 9),
(130, 60, 2),
(130, 63, 3),
(130, 66, 8),
(130, 76, 11),
(130, 82, 7),
(130, 178, 4),
(130, 179, 5),
(130, 180, 6),
(131, 55, 2),
(131, 60, 4),
(131, 181, 1),
(131, 182, 3),
(131, 183, 5),
(131, 184, 6),
(131, 185, 7),
(131, 186, 8),
(131, 187, 9),
(131, 188, 10),
(131, 189, 11),
(132, 55, 3),
(132, 58, 2),
(132, 59, 1),
(132, 60, 4),
(132, 63, 5),
(132, 68, 8),
(132, 108, 9),
(132, 152, 7),
(132, 160, 6),
(133, 49, 15),
(133, 51, 10),
(133, 55, 11),
(133, 59, 1),
(133, 60, 2),
(133, 61, 14),
(133, 63, 9),
(133, 66, 4),
(133, 116, 8),
(133, 131, 13),
(133, 190, 3),
(133, 191, 5),
(133, 192, 6),
(133, 193, 7),
(133, 194, 12),
(134, 55, 5),
(134, 56, 2),
(134, 58, 3),
(134, 60, 6),
(134, 72, 9),
(134, 76, 1),
(134, 116, 4),
(134, 173, 7),
(134, 195, 8),
(135, 51, 1),
(135, 59, 2),
(135, 116, 3),
(135, 127, 6),
(135, 145, 5),
(135, 159, 4),
(136, 51, 1),
(136, 59, 2),
(136, 116, 3),
(136, 127, 6),
(136, 145, 5),
(136, 159, 4);

-- --------------------------------------------------------

--
-- 表的结构 `tbl_user`
--

CREATE TABLE IF NOT EXISTS `tbl_user` (
  `id` int(11) NOT NULL AUTO_INCREMENT,
  `username` varchar(30) COLLATE utf8_bin NOT NULL,
  `password` varchar(255) COLLATE utf8_bin NOT NULL,
  `email` varchar(100) COLLATE utf8_bin DEFAULT NULL,
  `is_admin` tinyint(1) DEFAULT NULL,
  `is_paper` tinyint(1) DEFAULT NULL,
  `is_project` tinyint(1) DEFAULT NULL,
  `is_patent` tinyint(1) DEFAULT NULL,
  PRIMARY KEY (`id`)
) ENGINE=InnoDB  DEFAULT CHARSET=utf8 COLLATE=utf8_bin AUTO_INCREMENT=9 ;

--
-- 转存表中的数据 `tbl_user`
--

INSERT INTO `tbl_user` (`id`, `username`, `password`, `email`, `is_admin`, `is_paper`, `is_project`, `is_patent`) VALUES
(1, 'zly', '$2y$10$.flRmKKf80Q3vDFwhW11Le64TF1qSR/YYCMVI3LP1BIcKIwXxJkS2', 'zengluyang@qq.com', 1, 1, 1, 1),
(2, 'admin', '$2y$10$fDZ8nLTFvR5JT6gSatt84Oy27uxGeX9rqGaJUC.UelkLDZgtVuyoa', NULL, 1, 1, 1, 1),
(5, 'a449552565', '$2y$10$y/PkIzd7WGgt9ih6QiXlA.wv122ADMaX92MgaypzM6p1mvGUpCvRW', 'zengluyang@qq.com', 0, 1, 1, 1),
(6, 'only_patent', '$2y$10$DF.Yq4Phx49RN/vA6y5MyuDcpWPJWPRlwH6PlgxGLAmLvuta7FRba', '', 0, 0, 0, 1),
(7, 'only_paper', '$2y$10$vA0PEc2VFzwjODt.b1mM6elNLtx62YO.DI3k08yngDbvaOW1uFW9a', 'zengluyang@qq.com', 0, 1, 0, 0),
(8, 'xqr', '$2y$10$aEhiVmJPVTjgNtz6dktpWOk173uTjpOSbzwX.pIDq1vUYAUyeZJfu', '', 1, 1, 1, 1);

--
-- 限制导出的表
--

--
-- 限制表 `auth_assignment`
--
ALTER TABLE `auth_assignment`
  ADD CONSTRAINT `auth_assignment_ibfk_1` FOREIGN KEY (`itemname`) REFERENCES `auth_item` (`name`) ON DELETE CASCADE ON UPDATE CASCADE;

--
-- 限制表 `auth_item_child`
--
ALTER TABLE `auth_item_child`
  ADD CONSTRAINT `auth_item_child_ibfk_1` FOREIGN KEY (`parent`) REFERENCES `auth_item` (`name`) ON DELETE CASCADE ON UPDATE CASCADE,
  ADD CONSTRAINT `auth_item_child_ibfk_2` FOREIGN KEY (`child`) REFERENCES `auth_item` (`name`) ON DELETE CASCADE ON UPDATE CASCADE;

--
-- 限制表 `tbl_paper`
--
ALTER TABLE `tbl_paper`
  ADD CONSTRAINT `tbl_paper_ibfk_1` FOREIGN KEY (`maintainer_id`) REFERENCES `tbl_people` (`id`) ON DELETE CASCADE ON UPDATE CASCADE;

--
-- 限制表 `tbl_patent_people`
--
ALTER TABLE `tbl_patent_people`
  ADD CONSTRAINT `tbl_patent_people_ibfk_1` FOREIGN KEY (`patent_id`) REFERENCES `tbl_patent` (`id`) ON DELETE CASCADE ON UPDATE CASCADE,
  ADD CONSTRAINT `tbl_patent_people_ibfk_2` FOREIGN KEY (`people_id`) REFERENCES `tbl_people` (`id`) ON DELETE CASCADE ON UPDATE CASCADE;

--
-- 限制表 `tbl_project_people_execute`
--
ALTER TABLE `tbl_project_people_execute`
  ADD CONSTRAINT `tbl_project_people_execute_ibfk_1` FOREIGN KEY (`project_id`) REFERENCES `tbl_project` (`id`) ON DELETE CASCADE ON UPDATE CASCADE,
  ADD CONSTRAINT `tbl_project_people_execute_ibfk_2` FOREIGN KEY (`people_id`) REFERENCES `tbl_people` (`id`) ON DELETE CASCADE ON UPDATE CASCADE;

--
-- 限制表 `tbl_project_people_liability`
--
ALTER TABLE `tbl_project_people_liability`
  ADD CONSTRAINT `tbl_project_people_liability_ibfk_1` FOREIGN KEY (`project_id`) REFERENCES `tbl_project` (`id`) ON DELETE CASCADE ON UPDATE CASCADE,
  ADD CONSTRAINT `tbl_project_people_liability_ibfk_2` FOREIGN KEY (`people_id`) REFERENCES `tbl_people` (`id`) ON DELETE CASCADE ON UPDATE CASCADE;

/*!40101 SET CHARACTER_SET_CLIENT=@OLD_CHARACTER_SET_CLIENT */;
/*!40101 SET CHARACTER_SET_RESULTS=@OLD_CHARACTER_SET_RESULTS */;
/*!40101 SET COLLATION_CONNECTION=@OLD_COLLATION_CONNECTION */;
